	from	to	value
1	G2	G1	1
2	G2	G3	1
3	G2	G5	1
4	G2	G6	1
5	G2	G7	1
6	G2	G9	1
7	G4	G1	1
8	G4	G3	1
9	G4	G5	1
10	G4	G6	1
11	G4	G7	1
12	G4	G9	1
13	G8	G1	1
14	G8	G3	1
15	G8	G5	1
16	G8	G6	1
17	G8	G7	1
18	G8	G9	1
19	G8	G10	1
20	G8	G11	1
21	G8	G12	1
22	G8	G13	1
23	G8	G14	1
24	G8	G15	1
25	G8	G16	1
26	G8	G17	1
27	G8	G18	1
28	G8	G19	1
29	G8	G20	1
30	G8	G21	1
31	G8	G22	1
32	G8	G23	1
33	G8	G24	1
34	G8	G25	1
35	G8	G26	1
36	G8	G27	1
37	G8	G28	1
38	G8	G29	1
39	G8	G30	1
40	G8	G31	1
41	G8	G32	1
42	G8	G33	1
43	G8	G35	1
44	G8	G36	1
45	G8	G37	1
46	G8	G38	1
47	G8	G39	1
48	G8	G40	1
49	G8	G41	1
50	G8	G43	1
51	G8	G44	1
52	G8	G45	1
53	G8	G46	1
54	G8	G47	1
55	G8	G49	1
56	G8	G50	1
57	G8	G51	1
58	G8	G79	1
59	G8	G80	1
60	G15	G14	1
61	G15	G16	1
62	G15	G17	1
63	G22	G21	1
64	G22	G23	1
65	G34	G29	1
66	G34	G33	1
67	G34	G35	1
68	G34	G36	1
69	G34	G37	1
70	G34	G38	1
71	G34	G39	1
72	G42	G32	1
73	G42	G41	1
74	G42	G43	1
75	G42	G44	1
76	G42	G45	1
77	G42	G46	1
78	G42	G47	1
79	G42	G49	1
80	G42	G50	1
81	G42	G51	1
82	G48	G45	1
83	G48	G46	1
84	G48	G47	1
85	G48	G49	1
86	G48	G50	1
87	G48	G51	1
88	G48	G53	1
89	G48	G55	1
90	G48	G56	1
91	G48	G57	1
92	G48	G58	1
93	G48	G59	1
94	G48	G61	1
95	G52	G45	1
96	G52	G46	1
97	G52	G47	1
98	G52	G49	1
99	G52	G50	1
100	G52	G51	1
101	G52	G53	1
102	G52	G55	1
103	G52	G56	1
104	G52	G57	1
105	G52	G58	1
106	G52	G59	1
107	G52	G61	1
108	G52	G62	1
109	G52	G63	1
110	G52	G64	1
111	G52	G65	1
112	G52	G66	1
113	G52	G68	1
114	G52	G69	1
115	G52	G71	1
116	G52	G72	1
117	G52	G73	1
118	G52	G74	1
119	G52	G75	1
120	G52	G76	1
121	G52	G77	1
122	G52	G78	1
123	G54	G20	1
124	G54	G28	1
125	G54	G31	1
126	G54	G45	1
127	G54	G46	1
128	G54	G47	1
129	G54	G49	1
130	G54	G50	1
131	G54	G51	1
132	G54	G53	1
133	G54	G55	1
134	G54	G56	1
135	G54	G57	1
136	G54	G58	1
137	G54	G59	1
138	G54	G61	1
139	G54	G62	1
140	G54	G63	1
141	G54	G64	1
142	G54	G65	1
143	G54	G66	1
144	G54	G68	1
145	G54	G69	1
146	G54	G71	1
147	G54	G72	1
148	G54	G73	1
149	G54	G74	1
150	G54	G75	1
151	G54	G76	1
152	G54	G77	1
153	G54	G78	1
154	G60	G53	1
155	G60	G54	1
156	G60	G55	1
157	G60	G56	1
158	G60	G57	1
159	G60	G58	1
160	G60	G59	1
161	G60	G61	1
162	G60	G62	1
163	G60	G63	1
164	G60	G64	1
165	G60	G65	1
166	G60	G66	1
167	G60	G68	1
168	G60	G69	1
169	G60	G71	1
170	G67	G53	1
171	G67	G55	1
172	G67	G56	1
173	G67	G57	1
174	G67	G58	1
175	G67	G59	1
176	G67	G61	1
177	G67	G62	1
178	G67	G63	1
179	G67	G64	1
180	G67	G65	1
181	G67	G66	1
182	G67	G68	1
183	G67	G69	1
184	G67	G71	1
185	G67	G72	1
186	G67	G73	1
187	G67	G74	1
188	G67	G75	1
189	G67	G76	1
190	G67	G77	1
191	G67	G78	1
192	G67	G79	1
193	G67	G80	1
194	G70	G53	1
195	G70	G55	1
196	G70	G56	1
197	G70	G57	1
198	G70	G58	1
199	G70	G59	1
200	G70	G61	1
201	G70	G62	1
202	G70	G63	1
203	G70	G64	1
204	G70	G65	1
205	G70	G66	1
206	G70	G68	1
207	G70	G69	1
208	G70	G71	1
209	G70	G72	1
210	G70	G73	1
211	G70	G74	1
212	G70	G75	1
213	G70	G76	1
214	G70	G77	1
215	G70	G78	1
216	G70	G79	1
217	G70	G80	1
218	G1	G2	0
219	G1	G3	0
220	G1	G4	0
221	G1	G5	0
222	G1	G6	0
223	G1	G7	0
224	G1	G8	0
225	G1	G9	0
226	G1	G10	0
227	G1	G11	0
228	G1	G12	0
229	G1	G13	0
230	G1	G14	0
231	G1	G15	0
232	G1	G16	0
233	G1	G17	0
234	G1	G18	0
235	G1	G19	0
236	G1	G20	0
237	G1	G21	0
238	G1	G22	0
239	G1	G23	0
240	G1	G24	0
241	G1	G25	0
242	G1	G26	0
243	G1	G27	0
244	G1	G28	0
245	G1	G29	0
246	G1	G30	0
247	G1	G31	0
248	G1	G32	0
249	G1	G33	0
250	G1	G34	0
251	G1	G35	0
252	G1	G36	0
253	G1	G37	0
254	G1	G38	0
255	G1	G39	0
256	G1	G40	0
257	G1	G41	0
258	G1	G42	0
259	G1	G43	0
260	G1	G44	0
261	G1	G45	0
262	G1	G46	0
263	G1	G47	0
264	G1	G48	0
265	G1	G49	0
266	G1	G50	0
267	G1	G51	0
268	G1	G52	0
269	G1	G53	0
270	G1	G54	0
271	G1	G55	0
272	G1	G56	0
273	G1	G57	0
274	G1	G58	0
275	G1	G59	0
276	G1	G60	0
277	G1	G61	0
278	G1	G62	0
279	G1	G63	0
280	G1	G64	0
281	G1	G65	0
282	G1	G66	0
283	G1	G67	0
284	G1	G68	0
285	G1	G69	0
286	G1	G70	0
287	G1	G71	0
288	G1	G72	0
289	G1	G73	0
290	G1	G74	0
291	G1	G75	0
292	G1	G76	0
293	G1	G77	0
294	G1	G78	0
295	G1	G79	0
296	G1	G80	0
297	G2	G4	0
298	G2	G8	0
299	G2	G10	0
300	G2	G11	0
301	G2	G12	0
302	G2	G13	0
303	G2	G14	0
304	G2	G15	0
305	G2	G16	0
306	G2	G17	0
307	G2	G18	0
308	G2	G19	0
309	G2	G20	0
310	G2	G21	0
311	G2	G22	0
312	G2	G23	0
313	G2	G24	0
314	G2	G25	0
315	G2	G26	0
316	G2	G27	0
317	G2	G28	0
318	G2	G29	0
319	G2	G30	0
320	G2	G31	0
321	G2	G32	0
322	G2	G33	0
323	G2	G34	0
324	G2	G35	0
325	G2	G36	0
326	G2	G37	0
327	G2	G38	0
328	G2	G39	0
329	G2	G40	0
330	G2	G41	0
331	G2	G42	0
332	G2	G43	0
333	G2	G44	0
334	G2	G45	0
335	G2	G46	0
336	G2	G47	0
337	G2	G48	0
338	G2	G49	0
339	G2	G50	0
340	G2	G51	0
341	G2	G52	0
342	G2	G53	0
343	G2	G54	0
344	G2	G55	0
345	G2	G56	0
346	G2	G57	0
347	G2	G58	0
348	G2	G59	0
349	G2	G60	0
350	G2	G61	0
351	G2	G62	0
352	G2	G63	0
353	G2	G64	0
354	G2	G65	0
355	G2	G66	0
356	G2	G67	0
357	G2	G68	0
358	G2	G69	0
359	G2	G70	0
360	G2	G71	0
361	G2	G72	0
362	G2	G73	0
363	G2	G74	0
364	G2	G75	0
365	G2	G76	0
366	G2	G77	0
367	G2	G78	0
368	G2	G79	0
369	G2	G80	0
370	G3	G1	0
371	G3	G2	0
372	G3	G4	0
373	G3	G5	0
374	G3	G6	0
375	G3	G7	0
376	G3	G8	0
377	G3	G9	0
378	G3	G10	0
379	G3	G11	0
380	G3	G12	0
381	G3	G13	0
382	G3	G14	0
383	G3	G15	0
384	G3	G16	0
385	G3	G17	0
386	G3	G18	0
387	G3	G19	0
388	G3	G20	0
389	G3	G21	0
390	G3	G22	0
391	G3	G23	0
392	G3	G24	0
393	G3	G25	0
394	G3	G26	0
395	G3	G27	0
396	G3	G28	0
397	G3	G29	0
398	G3	G30	0
399	G3	G31	0
400	G3	G32	0
401	G3	G33	0
402	G3	G34	0
403	G3	G35	0
404	G3	G36	0
405	G3	G37	0
406	G3	G38	0
407	G3	G39	0
408	G3	G40	0
409	G3	G41	0
410	G3	G42	0
411	G3	G43	0
412	G3	G44	0
413	G3	G45	0
414	G3	G46	0
415	G3	G47	0
416	G3	G48	0
417	G3	G49	0
418	G3	G50	0
419	G3	G51	0
420	G3	G52	0
421	G3	G53	0
422	G3	G54	0
423	G3	G55	0
424	G3	G56	0
425	G3	G57	0
426	G3	G58	0
427	G3	G59	0
428	G3	G60	0
429	G3	G61	0
430	G3	G62	0
431	G3	G63	0
432	G3	G64	0
433	G3	G65	0
434	G3	G66	0
435	G3	G67	0
436	G3	G68	0
437	G3	G69	0
438	G3	G70	0
439	G3	G71	0
440	G3	G72	0
441	G3	G73	0
442	G3	G74	0
443	G3	G75	0
444	G3	G76	0
445	G3	G77	0
446	G3	G78	0
447	G3	G79	0
448	G3	G80	0
449	G4	G2	0
450	G4	G8	0
451	G4	G10	0
452	G4	G11	0
453	G4	G12	0
454	G4	G13	0
455	G4	G14	0
456	G4	G15	0
457	G4	G16	0
458	G4	G17	0
459	G4	G18	0
460	G4	G19	0
461	G4	G20	0
462	G4	G21	0
463	G4	G22	0
464	G4	G23	0
465	G4	G24	0
466	G4	G25	0
467	G4	G26	0
468	G4	G27	0
469	G4	G28	0
470	G4	G29	0
471	G4	G30	0
472	G4	G31	0
473	G4	G32	0
474	G4	G33	0
475	G4	G34	0
476	G4	G35	0
477	G4	G36	0
478	G4	G37	0
479	G4	G38	0
480	G4	G39	0
481	G4	G40	0
482	G4	G41	0
483	G4	G42	0
484	G4	G43	0
485	G4	G44	0
486	G4	G45	0
487	G4	G46	0
488	G4	G47	0
489	G4	G48	0
490	G4	G49	0
491	G4	G50	0
492	G4	G51	0
493	G4	G52	0
494	G4	G53	0
495	G4	G54	0
496	G4	G55	0
497	G4	G56	0
498	G4	G57	0
499	G4	G58	0
500	G4	G59	0
501	G4	G60	0
502	G4	G61	0
503	G4	G62	0
504	G4	G63	0
505	G4	G64	0
506	G4	G65	0
507	G4	G66	0
508	G4	G67	0
509	G4	G68	0
510	G4	G69	0
511	G4	G70	0
512	G4	G71	0
513	G4	G72	0
514	G4	G73	0
515	G4	G74	0
516	G4	G75	0
517	G4	G76	0
518	G4	G77	0
519	G4	G78	0
520	G4	G79	0
521	G4	G80	0
522	G5	G1	0
523	G5	G2	0
524	G5	G3	0
525	G5	G4	0
526	G5	G6	0
527	G5	G7	0
528	G5	G8	0
529	G5	G9	0
530	G5	G10	0
531	G5	G11	0
532	G5	G12	0
533	G5	G13	0
534	G5	G14	0
535	G5	G15	0
536	G5	G16	0
537	G5	G17	0
538	G5	G18	0
539	G5	G19	0
540	G5	G20	0
541	G5	G21	0
542	G5	G22	0
543	G5	G23	0
544	G5	G24	0
545	G5	G25	0
546	G5	G26	0
547	G5	G27	0
548	G5	G28	0
549	G5	G29	0
550	G5	G30	0
551	G5	G31	0
552	G5	G32	0
553	G5	G33	0
554	G5	G34	0
555	G5	G35	0
556	G5	G36	0
557	G5	G37	0
558	G5	G38	0
559	G5	G39	0
560	G5	G40	0
561	G5	G41	0
562	G5	G42	0
563	G5	G43	0
564	G5	G44	0
565	G5	G45	0
566	G5	G46	0
567	G5	G47	0
568	G5	G48	0
569	G5	G49	0
570	G5	G50	0
571	G5	G51	0
572	G5	G52	0
573	G5	G53	0
574	G5	G54	0
575	G5	G55	0
576	G5	G56	0
577	G5	G57	0
578	G5	G58	0
579	G5	G59	0
580	G5	G60	0
581	G5	G61	0
582	G5	G62	0
583	G5	G63	0
584	G5	G64	0
585	G5	G65	0
586	G5	G66	0
587	G5	G67	0
588	G5	G68	0
589	G5	G69	0
590	G5	G70	0
591	G5	G71	0
592	G5	G72	0
593	G5	G73	0
594	G5	G74	0
595	G5	G75	0
596	G5	G76	0
597	G5	G77	0
598	G5	G78	0
599	G5	G79	0
600	G5	G80	0
601	G6	G1	0
602	G6	G2	0
603	G6	G3	0
604	G6	G4	0
605	G6	G5	0
606	G6	G7	0
607	G6	G8	0
608	G6	G9	0
609	G6	G10	0
610	G6	G11	0
611	G6	G12	0
612	G6	G13	0
613	G6	G14	0
614	G6	G15	0
615	G6	G16	0
616	G6	G17	0
617	G6	G18	0
618	G6	G19	0
619	G6	G20	0
620	G6	G21	0
621	G6	G22	0
622	G6	G23	0
623	G6	G24	0
624	G6	G25	0
625	G6	G26	0
626	G6	G27	0
627	G6	G28	0
628	G6	G29	0
629	G6	G30	0
630	G6	G31	0
631	G6	G32	0
632	G6	G33	0
633	G6	G34	0
634	G6	G35	0
635	G6	G36	0
636	G6	G37	0
637	G6	G38	0
638	G6	G39	0
639	G6	G40	0
640	G6	G41	0
641	G6	G42	0
642	G6	G43	0
643	G6	G44	0
644	G6	G45	0
645	G6	G46	0
646	G6	G47	0
647	G6	G48	0
648	G6	G49	0
649	G6	G50	0
650	G6	G51	0
651	G6	G52	0
652	G6	G53	0
653	G6	G54	0
654	G6	G55	0
655	G6	G56	0
656	G6	G57	0
657	G6	G58	0
658	G6	G59	0
659	G6	G60	0
660	G6	G61	0
661	G6	G62	0
662	G6	G63	0
663	G6	G64	0
664	G6	G65	0
665	G6	G66	0
666	G6	G67	0
667	G6	G68	0
668	G6	G69	0
669	G6	G70	0
670	G6	G71	0
671	G6	G72	0
672	G6	G73	0
673	G6	G74	0
674	G6	G75	0
675	G6	G76	0
676	G6	G77	0
677	G6	G78	0
678	G6	G79	0
679	G6	G80	0
680	G7	G1	0
681	G7	G2	0
682	G7	G3	0
683	G7	G4	0
684	G7	G5	0
685	G7	G6	0
686	G7	G8	0
687	G7	G9	0
688	G7	G10	0
689	G7	G11	0
690	G7	G12	0
691	G7	G13	0
692	G7	G14	0
693	G7	G15	0
694	G7	G16	0
695	G7	G17	0
696	G7	G18	0
697	G7	G19	0
698	G7	G20	0
699	G7	G21	0
700	G7	G22	0
701	G7	G23	0
702	G7	G24	0
703	G7	G25	0
704	G7	G26	0
705	G7	G27	0
706	G7	G28	0
707	G7	G29	0
708	G7	G30	0
709	G7	G31	0
710	G7	G32	0
711	G7	G33	0
712	G7	G34	0
713	G7	G35	0
714	G7	G36	0
715	G7	G37	0
716	G7	G38	0
717	G7	G39	0
718	G7	G40	0
719	G7	G41	0
720	G7	G42	0
721	G7	G43	0
722	G7	G44	0
723	G7	G45	0
724	G7	G46	0
725	G7	G47	0
726	G7	G48	0
727	G7	G49	0
728	G7	G50	0
729	G7	G51	0
730	G7	G52	0
731	G7	G53	0
732	G7	G54	0
733	G7	G55	0
734	G7	G56	0
735	G7	G57	0
736	G7	G58	0
737	G7	G59	0
738	G7	G60	0
739	G7	G61	0
740	G7	G62	0
741	G7	G63	0
742	G7	G64	0
743	G7	G65	0
744	G7	G66	0
745	G7	G67	0
746	G7	G68	0
747	G7	G69	0
748	G7	G70	0
749	G7	G71	0
750	G7	G72	0
751	G7	G73	0
752	G7	G74	0
753	G7	G75	0
754	G7	G76	0
755	G7	G77	0
756	G7	G78	0
757	G7	G79	0
758	G7	G80	0
759	G8	G2	0
760	G8	G4	0
761	G8	G34	0
762	G8	G42	0
763	G8	G48	0
764	G8	G52	0
765	G8	G53	0
766	G8	G54	0
767	G8	G55	0
768	G8	G56	0
769	G8	G57	0
770	G8	G58	0
771	G8	G59	0
772	G8	G60	0
773	G8	G61	0
774	G8	G62	0
775	G8	G63	0
776	G8	G64	0
777	G8	G65	0
778	G8	G66	0
779	G8	G67	0
780	G8	G68	0
781	G8	G69	0
782	G8	G70	0
783	G8	G71	0
784	G8	G72	0
785	G8	G73	0
786	G8	G74	0
787	G8	G75	0
788	G8	G76	0
789	G8	G77	0
790	G8	G78	0
791	G9	G1	0
792	G9	G2	0
793	G9	G3	0
794	G9	G4	0
795	G9	G5	0
796	G9	G6	0
797	G9	G7	0
798	G9	G8	0
799	G9	G10	0
800	G9	G11	0
801	G9	G12	0
802	G9	G13	0
803	G9	G14	0
804	G9	G15	0
805	G9	G16	0
806	G9	G17	0
807	G9	G18	0
808	G9	G19	0
809	G9	G20	0
810	G9	G21	0
811	G9	G22	0
812	G9	G23	0
813	G9	G24	0
814	G9	G25	0
815	G9	G26	0
816	G9	G27	0
817	G9	G28	0
818	G9	G29	0
819	G9	G30	0
820	G9	G31	0
821	G9	G32	0
822	G9	G33	0
823	G9	G34	0
824	G9	G35	0
825	G9	G36	0
826	G9	G37	0
827	G9	G38	0
828	G9	G39	0
829	G9	G40	0
830	G9	G41	0
831	G9	G42	0
832	G9	G43	0
833	G9	G44	0
834	G9	G45	0
835	G9	G46	0
836	G9	G47	0
837	G9	G48	0
838	G9	G49	0
839	G9	G50	0
840	G9	G51	0
841	G9	G52	0
842	G9	G53	0
843	G9	G54	0
844	G9	G55	0
845	G9	G56	0
846	G9	G57	0
847	G9	G58	0
848	G9	G59	0
849	G9	G60	0
850	G9	G61	0
851	G9	G62	0
852	G9	G63	0
853	G9	G64	0
854	G9	G65	0
855	G9	G66	0
856	G9	G67	0
857	G9	G68	0
858	G9	G69	0
859	G9	G70	0
860	G9	G71	0
861	G9	G72	0
862	G9	G73	0
863	G9	G74	0
864	G9	G75	0
865	G9	G76	0
866	G9	G77	0
867	G9	G78	0
868	G9	G79	0
869	G9	G80	0
870	G10	G1	0
871	G10	G2	0
872	G10	G3	0
873	G10	G4	0
874	G10	G5	0
875	G10	G6	0
876	G10	G7	0
877	G10	G8	0
878	G10	G9	0
879	G10	G11	0
880	G10	G12	0
881	G10	G13	0
882	G10	G14	0
883	G10	G15	0
884	G10	G16	0
885	G10	G17	0
886	G10	G18	0
887	G10	G19	0
888	G10	G20	0
889	G10	G21	0
890	G10	G22	0
891	G10	G23	0
892	G10	G24	0
893	G10	G25	0
894	G10	G26	0
895	G10	G27	0
896	G10	G28	0
897	G10	G29	0
898	G10	G30	0
899	G10	G31	0
900	G10	G32	0
901	G10	G33	0
902	G10	G34	0
903	G10	G35	0
904	G10	G36	0
905	G10	G37	0
906	G10	G38	0
907	G10	G39	0
908	G10	G40	0
909	G10	G41	0
910	G10	G42	0
911	G10	G43	0
912	G10	G44	0
913	G10	G45	0
914	G10	G46	0
915	G10	G47	0
916	G10	G48	0
917	G10	G49	0
918	G10	G50	0
919	G10	G51	0
920	G10	G52	0
921	G10	G53	0
922	G10	G54	0
923	G10	G55	0
924	G10	G56	0
925	G10	G57	0
926	G10	G58	0
927	G10	G59	0
928	G10	G60	0
929	G10	G61	0
930	G10	G62	0
931	G10	G63	0
932	G10	G64	0
933	G10	G65	0
934	G10	G66	0
935	G10	G67	0
936	G10	G68	0
937	G10	G69	0
938	G10	G70	0
939	G10	G71	0
940	G10	G72	0
941	G10	G73	0
942	G10	G74	0
943	G10	G75	0
944	G10	G76	0
945	G10	G77	0
946	G10	G78	0
947	G10	G79	0
948	G10	G80	0
949	G11	G1	0
950	G11	G2	0
951	G11	G3	0
952	G11	G4	0
953	G11	G5	0
954	G11	G6	0
955	G11	G7	0
956	G11	G8	0
957	G11	G9	0
958	G11	G10	0
959	G11	G12	0
960	G11	G13	0
961	G11	G14	0
962	G11	G15	0
963	G11	G16	0
964	G11	G17	0
965	G11	G18	0
966	G11	G19	0
967	G11	G20	0
968	G11	G21	0
969	G11	G22	0
970	G11	G23	0
971	G11	G24	0
972	G11	G25	0
973	G11	G26	0
974	G11	G27	0
975	G11	G28	0
976	G11	G29	0
977	G11	G30	0
978	G11	G31	0
979	G11	G32	0
980	G11	G33	0
981	G11	G34	0
982	G11	G35	0
983	G11	G36	0
984	G11	G37	0
985	G11	G38	0
986	G11	G39	0
987	G11	G40	0
988	G11	G41	0
989	G11	G42	0
990	G11	G43	0
991	G11	G44	0
992	G11	G45	0
993	G11	G46	0
994	G11	G47	0
995	G11	G48	0
996	G11	G49	0
997	G11	G50	0
998	G11	G51	0
999	G11	G52	0
1000	G11	G53	0
1001	G11	G54	0
1002	G11	G55	0
1003	G11	G56	0
1004	G11	G57	0
1005	G11	G58	0
1006	G11	G59	0
1007	G11	G60	0
1008	G11	G61	0
1009	G11	G62	0
1010	G11	G63	0
1011	G11	G64	0
1012	G11	G65	0
1013	G11	G66	0
1014	G11	G67	0
1015	G11	G68	0
1016	G11	G69	0
1017	G11	G70	0
1018	G11	G71	0
1019	G11	G72	0
1020	G11	G73	0
1021	G11	G74	0
1022	G11	G75	0
1023	G11	G76	0
1024	G11	G77	0
1025	G11	G78	0
1026	G11	G79	0
1027	G11	G80	0
1028	G12	G1	0
1029	G12	G2	0
1030	G12	G3	0
1031	G12	G4	0
1032	G12	G5	0
1033	G12	G6	0
1034	G12	G7	0
1035	G12	G8	0
1036	G12	G9	0
1037	G12	G10	0
1038	G12	G11	0
1039	G12	G13	0
1040	G12	G14	0
1041	G12	G15	0
1042	G12	G16	0
1043	G12	G17	0
1044	G12	G18	0
1045	G12	G19	0
1046	G12	G20	0
1047	G12	G21	0
1048	G12	G22	0
1049	G12	G23	0
1050	G12	G24	0
1051	G12	G25	0
1052	G12	G26	0
1053	G12	G27	0
1054	G12	G28	0
1055	G12	G29	0
1056	G12	G30	0
1057	G12	G31	0
1058	G12	G32	0
1059	G12	G33	0
1060	G12	G34	0
1061	G12	G35	0
1062	G12	G36	0
1063	G12	G37	0
1064	G12	G38	0
1065	G12	G39	0
1066	G12	G40	0
1067	G12	G41	0
1068	G12	G42	0
1069	G12	G43	0
1070	G12	G44	0
1071	G12	G45	0
1072	G12	G46	0
1073	G12	G47	0
1074	G12	G48	0
1075	G12	G49	0
1076	G12	G50	0
1077	G12	G51	0
1078	G12	G52	0
1079	G12	G53	0
1080	G12	G54	0
1081	G12	G55	0
1082	G12	G56	0
1083	G12	G57	0
1084	G12	G58	0
1085	G12	G59	0
1086	G12	G60	0
1087	G12	G61	0
1088	G12	G62	0
1089	G12	G63	0
1090	G12	G64	0
1091	G12	G65	0
1092	G12	G66	0
1093	G12	G67	0
1094	G12	G68	0
1095	G12	G69	0
1096	G12	G70	0
1097	G12	G71	0
1098	G12	G72	0
1099	G12	G73	0
1100	G12	G74	0
1101	G12	G75	0
1102	G12	G76	0
1103	G12	G77	0
1104	G12	G78	0
1105	G12	G79	0
1106	G12	G80	0
1107	G13	G1	0
1108	G13	G2	0
1109	G13	G3	0
1110	G13	G4	0
1111	G13	G5	0
1112	G13	G6	0
1113	G13	G7	0
1114	G13	G8	0
1115	G13	G9	0
1116	G13	G10	0
1117	G13	G11	0
1118	G13	G12	0
1119	G13	G14	0
1120	G13	G15	0
1121	G13	G16	0
1122	G13	G17	0
1123	G13	G18	0
1124	G13	G19	0
1125	G13	G20	0
1126	G13	G21	0
1127	G13	G22	0
1128	G13	G23	0
1129	G13	G24	0
1130	G13	G25	0
1131	G13	G26	0
1132	G13	G27	0
1133	G13	G28	0
1134	G13	G29	0
1135	G13	G30	0
1136	G13	G31	0
1137	G13	G32	0
1138	G13	G33	0
1139	G13	G34	0
1140	G13	G35	0
1141	G13	G36	0
1142	G13	G37	0
1143	G13	G38	0
1144	G13	G39	0
1145	G13	G40	0
1146	G13	G41	0
1147	G13	G42	0
1148	G13	G43	0
1149	G13	G44	0
1150	G13	G45	0
1151	G13	G46	0
1152	G13	G47	0
1153	G13	G48	0
1154	G13	G49	0
1155	G13	G50	0
1156	G13	G51	0
1157	G13	G52	0
1158	G13	G53	0
1159	G13	G54	0
1160	G13	G55	0
1161	G13	G56	0
1162	G13	G57	0
1163	G13	G58	0
1164	G13	G59	0
1165	G13	G60	0
1166	G13	G61	0
1167	G13	G62	0
1168	G13	G63	0
1169	G13	G64	0
1170	G13	G65	0
1171	G13	G66	0
1172	G13	G67	0
1173	G13	G68	0
1174	G13	G69	0
1175	G13	G70	0
1176	G13	G71	0
1177	G13	G72	0
1178	G13	G73	0
1179	G13	G74	0
1180	G13	G75	0
1181	G13	G76	0
1182	G13	G77	0
1183	G13	G78	0
1184	G13	G79	0
1185	G13	G80	0
1186	G14	G1	0
1187	G14	G2	0
1188	G14	G3	0
1189	G14	G4	0
1190	G14	G5	0
1191	G14	G6	0
1192	G14	G7	0
1193	G14	G8	0
1194	G14	G9	0
1195	G14	G10	0
1196	G14	G11	0
1197	G14	G12	0
1198	G14	G13	0
1199	G14	G15	0
1200	G14	G16	0
1201	G14	G17	0
1202	G14	G18	0
1203	G14	G19	0
1204	G14	G20	0
1205	G14	G21	0
1206	G14	G22	0
1207	G14	G23	0
1208	G14	G24	0
1209	G14	G25	0
1210	G14	G26	0
1211	G14	G27	0
1212	G14	G28	0
1213	G14	G29	0
1214	G14	G30	0
1215	G14	G31	0
1216	G14	G32	0
1217	G14	G33	0
1218	G14	G34	0
1219	G14	G35	0
1220	G14	G36	0
1221	G14	G37	0
1222	G14	G38	0
1223	G14	G39	0
1224	G14	G40	0
1225	G14	G41	0
1226	G14	G42	0
1227	G14	G43	0
1228	G14	G44	0
1229	G14	G45	0
1230	G14	G46	0
1231	G14	G47	0
1232	G14	G48	0
1233	G14	G49	0
1234	G14	G50	0
1235	G14	G51	0
1236	G14	G52	0
1237	G14	G53	0
1238	G14	G54	0
1239	G14	G55	0
1240	G14	G56	0
1241	G14	G57	0
1242	G14	G58	0
1243	G14	G59	0
1244	G14	G60	0
1245	G14	G61	0
1246	G14	G62	0
1247	G14	G63	0
1248	G14	G64	0
1249	G14	G65	0
1250	G14	G66	0
1251	G14	G67	0
1252	G14	G68	0
1253	G14	G69	0
1254	G14	G70	0
1255	G14	G71	0
1256	G14	G72	0
1257	G14	G73	0
1258	G14	G74	0
1259	G14	G75	0
1260	G14	G76	0
1261	G14	G77	0
1262	G14	G78	0
1263	G14	G79	0
1264	G14	G80	0
1265	G15	G1	0
1266	G15	G2	0
1267	G15	G3	0
1268	G15	G4	0
1269	G15	G5	0
1270	G15	G6	0
1271	G15	G7	0
1272	G15	G8	0
1273	G15	G9	0
1274	G15	G10	0
1275	G15	G11	0
1276	G15	G12	0
1277	G15	G13	0
1278	G15	G18	0
1279	G15	G19	0
1280	G15	G20	0
1281	G15	G21	0
1282	G15	G22	0
1283	G15	G23	0
1284	G15	G24	0
1285	G15	G25	0
1286	G15	G26	0
1287	G15	G27	0
1288	G15	G28	0
1289	G15	G29	0
1290	G15	G30	0
1291	G15	G31	0
1292	G15	G32	0
1293	G15	G33	0
1294	G15	G34	0
1295	G15	G35	0
1296	G15	G36	0
1297	G15	G37	0
1298	G15	G38	0
1299	G15	G39	0
1300	G15	G40	0
1301	G15	G41	0
1302	G15	G42	0
1303	G15	G43	0
1304	G15	G44	0
1305	G15	G45	0
1306	G15	G46	0
1307	G15	G47	0
1308	G15	G48	0
1309	G15	G49	0
1310	G15	G50	0
1311	G15	G51	0
1312	G15	G52	0
1313	G15	G53	0
1314	G15	G54	0
1315	G15	G55	0
1316	G15	G56	0
1317	G15	G57	0
1318	G15	G58	0
1319	G15	G59	0
1320	G15	G60	0
1321	G15	G61	0
1322	G15	G62	0
1323	G15	G63	0
1324	G15	G64	0
1325	G15	G65	0
1326	G15	G66	0
1327	G15	G67	0
1328	G15	G68	0
1329	G15	G69	0
1330	G15	G70	0
1331	G15	G71	0
1332	G15	G72	0
1333	G15	G73	0
1334	G15	G74	0
1335	G15	G75	0
1336	G15	G76	0
1337	G15	G77	0
1338	G15	G78	0
1339	G15	G79	0
1340	G15	G80	0
1341	G16	G1	0
1342	G16	G2	0
1343	G16	G3	0
1344	G16	G4	0
1345	G16	G5	0
1346	G16	G6	0
1347	G16	G7	0
1348	G16	G8	0
1349	G16	G9	0
1350	G16	G10	0
1351	G16	G11	0
1352	G16	G12	0
1353	G16	G13	0
1354	G16	G14	0
1355	G16	G15	0
1356	G16	G17	0
1357	G16	G18	0
1358	G16	G19	0
1359	G16	G20	0
1360	G16	G21	0
1361	G16	G22	0
1362	G16	G23	0
1363	G16	G24	0
1364	G16	G25	0
1365	G16	G26	0
1366	G16	G27	0
1367	G16	G28	0
1368	G16	G29	0
1369	G16	G30	0
1370	G16	G31	0
1371	G16	G32	0
1372	G16	G33	0
1373	G16	G34	0
1374	G16	G35	0
1375	G16	G36	0
1376	G16	G37	0
1377	G16	G38	0
1378	G16	G39	0
1379	G16	G40	0
1380	G16	G41	0
1381	G16	G42	0
1382	G16	G43	0
1383	G16	G44	0
1384	G16	G45	0
1385	G16	G46	0
1386	G16	G47	0
1387	G16	G48	0
1388	G16	G49	0
1389	G16	G50	0
1390	G16	G51	0
1391	G16	G52	0
1392	G16	G53	0
1393	G16	G54	0
1394	G16	G55	0
1395	G16	G56	0
1396	G16	G57	0
1397	G16	G58	0
1398	G16	G59	0
1399	G16	G60	0
1400	G16	G61	0
1401	G16	G62	0
1402	G16	G63	0
1403	G16	G64	0
1404	G16	G65	0
1405	G16	G66	0
1406	G16	G67	0
1407	G16	G68	0
1408	G16	G69	0
1409	G16	G70	0
1410	G16	G71	0
1411	G16	G72	0
1412	G16	G73	0
1413	G16	G74	0
1414	G16	G75	0
1415	G16	G76	0
1416	G16	G77	0
1417	G16	G78	0
1418	G16	G79	0
1419	G16	G80	0
1420	G17	G1	0
1421	G17	G2	0
1422	G17	G3	0
1423	G17	G4	0
1424	G17	G5	0
1425	G17	G6	0
1426	G17	G7	0
1427	G17	G8	0
1428	G17	G9	0
1429	G17	G10	0
1430	G17	G11	0
1431	G17	G12	0
1432	G17	G13	0
1433	G17	G14	0
1434	G17	G15	0
1435	G17	G16	0
1436	G17	G18	0
1437	G17	G19	0
1438	G17	G20	0
1439	G17	G21	0
1440	G17	G22	0
1441	G17	G23	0
1442	G17	G24	0
1443	G17	G25	0
1444	G17	G26	0
1445	G17	G27	0
1446	G17	G28	0
1447	G17	G29	0
1448	G17	G30	0
1449	G17	G31	0
1450	G17	G32	0
1451	G17	G33	0
1452	G17	G34	0
1453	G17	G35	0
1454	G17	G36	0
1455	G17	G37	0
1456	G17	G38	0
1457	G17	G39	0
1458	G17	G40	0
1459	G17	G41	0
1460	G17	G42	0
1461	G17	G43	0
1462	G17	G44	0
1463	G17	G45	0
1464	G17	G46	0
1465	G17	G47	0
1466	G17	G48	0
1467	G17	G49	0
1468	G17	G50	0
1469	G17	G51	0
1470	G17	G52	0
1471	G17	G53	0
1472	G17	G54	0
1473	G17	G55	0
1474	G17	G56	0
1475	G17	G57	0
1476	G17	G58	0
1477	G17	G59	0
1478	G17	G60	0
1479	G17	G61	0
1480	G17	G62	0
1481	G17	G63	0
1482	G17	G64	0
1483	G17	G65	0
1484	G17	G66	0
1485	G17	G67	0
1486	G17	G68	0
1487	G17	G69	0
1488	G17	G70	0
1489	G17	G71	0
1490	G17	G72	0
1491	G17	G73	0
1492	G17	G74	0
1493	G17	G75	0
1494	G17	G76	0
1495	G17	G77	0
1496	G17	G78	0
1497	G17	G79	0
1498	G17	G80	0
1499	G18	G1	0
1500	G18	G2	0
1501	G18	G3	0
1502	G18	G4	0
1503	G18	G5	0
1504	G18	G6	0
1505	G18	G7	0
1506	G18	G8	0
1507	G18	G9	0
1508	G18	G10	0
1509	G18	G11	0
1510	G18	G12	0
1511	G18	G13	0
1512	G18	G14	0
1513	G18	G15	0
1514	G18	G16	0
1515	G18	G17	0
1516	G18	G19	0
1517	G18	G20	0
1518	G18	G21	0
1519	G18	G22	0
1520	G18	G23	0
1521	G18	G24	0
1522	G18	G25	0
1523	G18	G26	0
1524	G18	G27	0
1525	G18	G28	0
1526	G18	G29	0
1527	G18	G30	0
1528	G18	G31	0
1529	G18	G32	0
1530	G18	G33	0
1531	G18	G34	0
1532	G18	G35	0
1533	G18	G36	0
1534	G18	G37	0
1535	G18	G38	0
1536	G18	G39	0
1537	G18	G40	0
1538	G18	G41	0
1539	G18	G42	0
1540	G18	G43	0
1541	G18	G44	0
1542	G18	G45	0
1543	G18	G46	0
1544	G18	G47	0
1545	G18	G48	0
1546	G18	G49	0
1547	G18	G50	0
1548	G18	G51	0
1549	G18	G52	0
1550	G18	G53	0
1551	G18	G54	0
1552	G18	G55	0
1553	G18	G56	0
1554	G18	G57	0
1555	G18	G58	0
1556	G18	G59	0
1557	G18	G60	0
1558	G18	G61	0
1559	G18	G62	0
1560	G18	G63	0
1561	G18	G64	0
1562	G18	G65	0
1563	G18	G66	0
1564	G18	G67	0
1565	G18	G68	0
1566	G18	G69	0
1567	G18	G70	0
1568	G18	G71	0
1569	G18	G72	0
1570	G18	G73	0
1571	G18	G74	0
1572	G18	G75	0
1573	G18	G76	0
1574	G18	G77	0
1575	G18	G78	0
1576	G18	G79	0
1577	G18	G80	0
1578	G19	G1	0
1579	G19	G2	0
1580	G19	G3	0
1581	G19	G4	0
1582	G19	G5	0
1583	G19	G6	0
1584	G19	G7	0
1585	G19	G8	0
1586	G19	G9	0
1587	G19	G10	0
1588	G19	G11	0
1589	G19	G12	0
1590	G19	G13	0
1591	G19	G14	0
1592	G19	G15	0
1593	G19	G16	0
1594	G19	G17	0
1595	G19	G18	0
1596	G19	G20	0
1597	G19	G21	0
1598	G19	G22	0
1599	G19	G23	0
1600	G19	G24	0
1601	G19	G25	0
1602	G19	G26	0
1603	G19	G27	0
1604	G19	G28	0
1605	G19	G29	0
1606	G19	G30	0
1607	G19	G31	0
1608	G19	G32	0
1609	G19	G33	0
1610	G19	G34	0
1611	G19	G35	0
1612	G19	G36	0
1613	G19	G37	0
1614	G19	G38	0
1615	G19	G39	0
1616	G19	G40	0
1617	G19	G41	0
1618	G19	G42	0
1619	G19	G43	0
1620	G19	G44	0
1621	G19	G45	0
1622	G19	G46	0
1623	G19	G47	0
1624	G19	G48	0
1625	G19	G49	0
1626	G19	G50	0
1627	G19	G51	0
1628	G19	G52	0
1629	G19	G53	0
1630	G19	G54	0
1631	G19	G55	0
1632	G19	G56	0
1633	G19	G57	0
1634	G19	G58	0
1635	G19	G59	0
1636	G19	G60	0
1637	G19	G61	0
1638	G19	G62	0
1639	G19	G63	0
1640	G19	G64	0
1641	G19	G65	0
1642	G19	G66	0
1643	G19	G67	0
1644	G19	G68	0
1645	G19	G69	0
1646	G19	G70	0
1647	G19	G71	0
1648	G19	G72	0
1649	G19	G73	0
1650	G19	G74	0
1651	G19	G75	0
1652	G19	G76	0
1653	G19	G77	0
1654	G19	G78	0
1655	G19	G79	0
1656	G19	G80	0
1657	G20	G1	0
1658	G20	G2	0
1659	G20	G3	0
1660	G20	G4	0
1661	G20	G5	0
1662	G20	G6	0
1663	G20	G7	0
1664	G20	G8	0
1665	G20	G9	0
1666	G20	G10	0
1667	G20	G11	0
1668	G20	G12	0
1669	G20	G13	0
1670	G20	G14	0
1671	G20	G15	0
1672	G20	G16	0
1673	G20	G17	0
1674	G20	G18	0
1675	G20	G19	0
1676	G20	G21	0
1677	G20	G22	0
1678	G20	G23	0
1679	G20	G24	0
1680	G20	G25	0
1681	G20	G26	0
1682	G20	G27	0
1683	G20	G28	0
1684	G20	G29	0
1685	G20	G30	0
1686	G20	G31	0
1687	G20	G32	0
1688	G20	G33	0
1689	G20	G34	0
1690	G20	G35	0
1691	G20	G36	0
1692	G20	G37	0
1693	G20	G38	0
1694	G20	G39	0
1695	G20	G40	0
1696	G20	G41	0
1697	G20	G42	0
1698	G20	G43	0
1699	G20	G44	0
1700	G20	G45	0
1701	G20	G46	0
1702	G20	G47	0
1703	G20	G48	0
1704	G20	G49	0
1705	G20	G50	0
1706	G20	G51	0
1707	G20	G52	0
1708	G20	G53	0
1709	G20	G54	0
1710	G20	G55	0
1711	G20	G56	0
1712	G20	G57	0
1713	G20	G58	0
1714	G20	G59	0
1715	G20	G60	0
1716	G20	G61	0
1717	G20	G62	0
1718	G20	G63	0
1719	G20	G64	0
1720	G20	G65	0
1721	G20	G66	0
1722	G20	G67	0
1723	G20	G68	0
1724	G20	G69	0
1725	G20	G70	0
1726	G20	G71	0
1727	G20	G72	0
1728	G20	G73	0
1729	G20	G74	0
1730	G20	G75	0
1731	G20	G76	0
1732	G20	G77	0
1733	G20	G78	0
1734	G20	G79	0
1735	G20	G80	0
1736	G21	G1	0
1737	G21	G2	0
1738	G21	G3	0
1739	G21	G4	0
1740	G21	G5	0
1741	G21	G6	0
1742	G21	G7	0
1743	G21	G8	0
1744	G21	G9	0
1745	G21	G10	0
1746	G21	G11	0
1747	G21	G12	0
1748	G21	G13	0
1749	G21	G14	0
1750	G21	G15	0
1751	G21	G16	0
1752	G21	G17	0
1753	G21	G18	0
1754	G21	G19	0
1755	G21	G20	0
1756	G21	G22	0
1757	G21	G23	0
1758	G21	G24	0
1759	G21	G25	0
1760	G21	G26	0
1761	G21	G27	0
1762	G21	G28	0
1763	G21	G29	0
1764	G21	G30	0
1765	G21	G31	0
1766	G21	G32	0
1767	G21	G33	0
1768	G21	G34	0
1769	G21	G35	0
1770	G21	G36	0
1771	G21	G37	0
1772	G21	G38	0
1773	G21	G39	0
1774	G21	G40	0
1775	G21	G41	0
1776	G21	G42	0
1777	G21	G43	0
1778	G21	G44	0
1779	G21	G45	0
1780	G21	G46	0
1781	G21	G47	0
1782	G21	G48	0
1783	G21	G49	0
1784	G21	G50	0
1785	G21	G51	0
1786	G21	G52	0
1787	G21	G53	0
1788	G21	G54	0
1789	G21	G55	0
1790	G21	G56	0
1791	G21	G57	0
1792	G21	G58	0
1793	G21	G59	0
1794	G21	G60	0
1795	G21	G61	0
1796	G21	G62	0
1797	G21	G63	0
1798	G21	G64	0
1799	G21	G65	0
1800	G21	G66	0
1801	G21	G67	0
1802	G21	G68	0
1803	G21	G69	0
1804	G21	G70	0
1805	G21	G71	0
1806	G21	G72	0
1807	G21	G73	0
1808	G21	G74	0
1809	G21	G75	0
1810	G21	G76	0
1811	G21	G77	0
1812	G21	G78	0
1813	G21	G79	0
1814	G21	G80	0
1815	G22	G1	0
1816	G22	G2	0
1817	G22	G3	0
1818	G22	G4	0
1819	G22	G5	0
1820	G22	G6	0
1821	G22	G7	0
1822	G22	G8	0
1823	G22	G9	0
1824	G22	G10	0
1825	G22	G11	0
1826	G22	G12	0
1827	G22	G13	0
1828	G22	G14	0
1829	G22	G15	0
1830	G22	G16	0
1831	G22	G17	0
1832	G22	G18	0
1833	G22	G19	0
1834	G22	G20	0
1835	G22	G24	0
1836	G22	G25	0
1837	G22	G26	0
1838	G22	G27	0
1839	G22	G28	0
1840	G22	G29	0
1841	G22	G30	0
1842	G22	G31	0
1843	G22	G32	0
1844	G22	G33	0
1845	G22	G34	0
1846	G22	G35	0
1847	G22	G36	0
1848	G22	G37	0
1849	G22	G38	0
1850	G22	G39	0
1851	G22	G40	0
1852	G22	G41	0
1853	G22	G42	0
1854	G22	G43	0
1855	G22	G44	0
1856	G22	G45	0
1857	G22	G46	0
1858	G22	G47	0
1859	G22	G48	0
1860	G22	G49	0
1861	G22	G50	0
1862	G22	G51	0
1863	G22	G52	0
1864	G22	G53	0
1865	G22	G54	0
1866	G22	G55	0
1867	G22	G56	0
1868	G22	G57	0
1869	G22	G58	0
1870	G22	G59	0
1871	G22	G60	0
1872	G22	G61	0
1873	G22	G62	0
1874	G22	G63	0
1875	G22	G64	0
1876	G22	G65	0
1877	G22	G66	0
1878	G22	G67	0
1879	G22	G68	0
1880	G22	G69	0
1881	G22	G70	0
1882	G22	G71	0
1883	G22	G72	0
1884	G22	G73	0
1885	G22	G74	0
1886	G22	G75	0
1887	G22	G76	0
1888	G22	G77	0
1889	G22	G78	0
1890	G22	G79	0
1891	G22	G80	0
1892	G23	G1	0
1893	G23	G2	0
1894	G23	G3	0
1895	G23	G4	0
1896	G23	G5	0
1897	G23	G6	0
1898	G23	G7	0
1899	G23	G8	0
1900	G23	G9	0
1901	G23	G10	0
1902	G23	G11	0
1903	G23	G12	0
1904	G23	G13	0
1905	G23	G14	0
1906	G23	G15	0
1907	G23	G16	0
1908	G23	G17	0
1909	G23	G18	0
1910	G23	G19	0
1911	G23	G20	0
1912	G23	G21	0
1913	G23	G22	0
1914	G23	G24	0
1915	G23	G25	0
1916	G23	G26	0
1917	G23	G27	0
1918	G23	G28	0
1919	G23	G29	0
1920	G23	G30	0
1921	G23	G31	0
1922	G23	G32	0
1923	G23	G33	0
1924	G23	G34	0
1925	G23	G35	0
1926	G23	G36	0
1927	G23	G37	0
1928	G23	G38	0
1929	G23	G39	0
1930	G23	G40	0
1931	G23	G41	0
1932	G23	G42	0
1933	G23	G43	0
1934	G23	G44	0
1935	G23	G45	0
1936	G23	G46	0
1937	G23	G47	0
1938	G23	G48	0
1939	G23	G49	0
1940	G23	G50	0
1941	G23	G51	0
1942	G23	G52	0
1943	G23	G53	0
1944	G23	G54	0
1945	G23	G55	0
1946	G23	G56	0
1947	G23	G57	0
1948	G23	G58	0
1949	G23	G59	0
1950	G23	G60	0
1951	G23	G61	0
1952	G23	G62	0
1953	G23	G63	0
1954	G23	G64	0
1955	G23	G65	0
1956	G23	G66	0
1957	G23	G67	0
1958	G23	G68	0
1959	G23	G69	0
1960	G23	G70	0
1961	G23	G71	0
1962	G23	G72	0
1963	G23	G73	0
1964	G23	G74	0
1965	G23	G75	0
1966	G23	G76	0
1967	G23	G77	0
1968	G23	G78	0
1969	G23	G79	0
1970	G23	G80	0
1971	G24	G1	0
1972	G24	G2	0
1973	G24	G3	0
1974	G24	G4	0
1975	G24	G5	0
1976	G24	G6	0
1977	G24	G7	0
1978	G24	G8	0
1979	G24	G9	0
1980	G24	G10	0
1981	G24	G11	0
1982	G24	G12	0
1983	G24	G13	0
1984	G24	G14	0
1985	G24	G15	0
1986	G24	G16	0
1987	G24	G17	0
1988	G24	G18	0
1989	G24	G19	0
1990	G24	G20	0
1991	G24	G21	0
1992	G24	G22	0
1993	G24	G23	0
1994	G24	G25	0
1995	G24	G26	0
1996	G24	G27	0
1997	G24	G28	0
1998	G24	G29	0
1999	G24	G30	0
2000	G24	G31	0
2001	G24	G32	0
2002	G24	G33	0
2003	G24	G34	0
2004	G24	G35	0
2005	G24	G36	0
2006	G24	G37	0
2007	G24	G38	0
2008	G24	G39	0
2009	G24	G40	0
2010	G24	G41	0
2011	G24	G42	0
2012	G24	G43	0
2013	G24	G44	0
2014	G24	G45	0
2015	G24	G46	0
2016	G24	G47	0
2017	G24	G48	0
2018	G24	G49	0
2019	G24	G50	0
2020	G24	G51	0
2021	G24	G52	0
2022	G24	G53	0
2023	G24	G54	0
2024	G24	G55	0
2025	G24	G56	0
2026	G24	G57	0
2027	G24	G58	0
2028	G24	G59	0
2029	G24	G60	0
2030	G24	G61	0
2031	G24	G62	0
2032	G24	G63	0
2033	G24	G64	0
2034	G24	G65	0
2035	G24	G66	0
2036	G24	G67	0
2037	G24	G68	0
2038	G24	G69	0
2039	G24	G70	0
2040	G24	G71	0
2041	G24	G72	0
2042	G24	G73	0
2043	G24	G74	0
2044	G24	G75	0
2045	G24	G76	0
2046	G24	G77	0
2047	G24	G78	0
2048	G24	G79	0
2049	G24	G80	0
2050	G25	G1	0
2051	G25	G2	0
2052	G25	G3	0
2053	G25	G4	0
2054	G25	G5	0
2055	G25	G6	0
2056	G25	G7	0
2057	G25	G8	0
2058	G25	G9	0
2059	G25	G10	0
2060	G25	G11	0
2061	G25	G12	0
2062	G25	G13	0
2063	G25	G14	0
2064	G25	G15	0
2065	G25	G16	0
2066	G25	G17	0
2067	G25	G18	0
2068	G25	G19	0
2069	G25	G20	0
2070	G25	G21	0
2071	G25	G22	0
2072	G25	G23	0
2073	G25	G24	0
2074	G25	G26	0
2075	G25	G27	0
2076	G25	G28	0
2077	G25	G29	0
2078	G25	G30	0
2079	G25	G31	0
2080	G25	G32	0
2081	G25	G33	0
2082	G25	G34	0
2083	G25	G35	0
2084	G25	G36	0
2085	G25	G37	0
2086	G25	G38	0
2087	G25	G39	0
2088	G25	G40	0
2089	G25	G41	0
2090	G25	G42	0
2091	G25	G43	0
2092	G25	G44	0
2093	G25	G45	0
2094	G25	G46	0
2095	G25	G47	0
2096	G25	G48	0
2097	G25	G49	0
2098	G25	G50	0
2099	G25	G51	0
2100	G25	G52	0
2101	G25	G53	0
2102	G25	G54	0
2103	G25	G55	0
2104	G25	G56	0
2105	G25	G57	0
2106	G25	G58	0
2107	G25	G59	0
2108	G25	G60	0
2109	G25	G61	0
2110	G25	G62	0
2111	G25	G63	0
2112	G25	G64	0
2113	G25	G65	0
2114	G25	G66	0
2115	G25	G67	0
2116	G25	G68	0
2117	G25	G69	0
2118	G25	G70	0
2119	G25	G71	0
2120	G25	G72	0
2121	G25	G73	0
2122	G25	G74	0
2123	G25	G75	0
2124	G25	G76	0
2125	G25	G77	0
2126	G25	G78	0
2127	G25	G79	0
2128	G25	G80	0
2129	G26	G1	0
2130	G26	G2	0
2131	G26	G3	0
2132	G26	G4	0
2133	G26	G5	0
2134	G26	G6	0
2135	G26	G7	0
2136	G26	G8	0
2137	G26	G9	0
2138	G26	G10	0
2139	G26	G11	0
2140	G26	G12	0
2141	G26	G13	0
2142	G26	G14	0
2143	G26	G15	0
2144	G26	G16	0
2145	G26	G17	0
2146	G26	G18	0
2147	G26	G19	0
2148	G26	G20	0
2149	G26	G21	0
2150	G26	G22	0
2151	G26	G23	0
2152	G26	G24	0
2153	G26	G25	0
2154	G26	G27	0
2155	G26	G28	0
2156	G26	G29	0
2157	G26	G30	0
2158	G26	G31	0
2159	G26	G32	0
2160	G26	G33	0
2161	G26	G34	0
2162	G26	G35	0
2163	G26	G36	0
2164	G26	G37	0
2165	G26	G38	0
2166	G26	G39	0
2167	G26	G40	0
2168	G26	G41	0
2169	G26	G42	0
2170	G26	G43	0
2171	G26	G44	0
2172	G26	G45	0
2173	G26	G46	0
2174	G26	G47	0
2175	G26	G48	0
2176	G26	G49	0
2177	G26	G50	0
2178	G26	G51	0
2179	G26	G52	0
2180	G26	G53	0
2181	G26	G54	0
2182	G26	G55	0
2183	G26	G56	0
2184	G26	G57	0
2185	G26	G58	0
2186	G26	G59	0
2187	G26	G60	0
2188	G26	G61	0
2189	G26	G62	0
2190	G26	G63	0
2191	G26	G64	0
2192	G26	G65	0
2193	G26	G66	0
2194	G26	G67	0
2195	G26	G68	0
2196	G26	G69	0
2197	G26	G70	0
2198	G26	G71	0
2199	G26	G72	0
2200	G26	G73	0
2201	G26	G74	0
2202	G26	G75	0
2203	G26	G76	0
2204	G26	G77	0
2205	G26	G78	0
2206	G26	G79	0
2207	G26	G80	0
2208	G27	G1	0
2209	G27	G2	0
2210	G27	G3	0
2211	G27	G4	0
2212	G27	G5	0
2213	G27	G6	0
2214	G27	G7	0
2215	G27	G8	0
2216	G27	G9	0
2217	G27	G10	0
2218	G27	G11	0
2219	G27	G12	0
2220	G27	G13	0
2221	G27	G14	0
2222	G27	G15	0
2223	G27	G16	0
2224	G27	G17	0
2225	G27	G18	0
2226	G27	G19	0
2227	G27	G20	0
2228	G27	G21	0
2229	G27	G22	0
2230	G27	G23	0
2231	G27	G24	0
2232	G27	G25	0
2233	G27	G26	0
2234	G27	G28	0
2235	G27	G29	0
2236	G27	G30	0
2237	G27	G31	0
2238	G27	G32	0
2239	G27	G33	0
2240	G27	G34	0
2241	G27	G35	0
2242	G27	G36	0
2243	G27	G37	0
2244	G27	G38	0
2245	G27	G39	0
2246	G27	G40	0
2247	G27	G41	0
2248	G27	G42	0
2249	G27	G43	0
2250	G27	G44	0
2251	G27	G45	0
2252	G27	G46	0
2253	G27	G47	0
2254	G27	G48	0
2255	G27	G49	0
2256	G27	G50	0
2257	G27	G51	0
2258	G27	G52	0
2259	G27	G53	0
2260	G27	G54	0
2261	G27	G55	0
2262	G27	G56	0
2263	G27	G57	0
2264	G27	G58	0
2265	G27	G59	0
2266	G27	G60	0
2267	G27	G61	0
2268	G27	G62	0
2269	G27	G63	0
2270	G27	G64	0
2271	G27	G65	0
2272	G27	G66	0
2273	G27	G67	0
2274	G27	G68	0
2275	G27	G69	0
2276	G27	G70	0
2277	G27	G71	0
2278	G27	G72	0
2279	G27	G73	0
2280	G27	G74	0
2281	G27	G75	0
2282	G27	G76	0
2283	G27	G77	0
2284	G27	G78	0
2285	G27	G79	0
2286	G27	G80	0
2287	G28	G1	0
2288	G28	G2	0
2289	G28	G3	0
2290	G28	G4	0
2291	G28	G5	0
2292	G28	G6	0
2293	G28	G7	0
2294	G28	G8	0
2295	G28	G9	0
2296	G28	G10	0
2297	G28	G11	0
2298	G28	G12	0
2299	G28	G13	0
2300	G28	G14	0
2301	G28	G15	0
2302	G28	G16	0
2303	G28	G17	0
2304	G28	G18	0
2305	G28	G19	0
2306	G28	G20	0
2307	G28	G21	0
2308	G28	G22	0
2309	G28	G23	0
2310	G28	G24	0
2311	G28	G25	0
2312	G28	G26	0
2313	G28	G27	0
2314	G28	G29	0
2315	G28	G30	0
2316	G28	G31	0
2317	G28	G32	0
2318	G28	G33	0
2319	G28	G34	0
2320	G28	G35	0
2321	G28	G36	0
2322	G28	G37	0
2323	G28	G38	0
2324	G28	G39	0
2325	G28	G40	0
2326	G28	G41	0
2327	G28	G42	0
2328	G28	G43	0
2329	G28	G44	0
2330	G28	G45	0
2331	G28	G46	0
2332	G28	G47	0
2333	G28	G48	0
2334	G28	G49	0
2335	G28	G50	0
2336	G28	G51	0
2337	G28	G52	0
2338	G28	G53	0
2339	G28	G54	0
2340	G28	G55	0
2341	G28	G56	0
2342	G28	G57	0
2343	G28	G58	0
2344	G28	G59	0
2345	G28	G60	0
2346	G28	G61	0
2347	G28	G62	0
2348	G28	G63	0
2349	G28	G64	0
2350	G28	G65	0
2351	G28	G66	0
2352	G28	G67	0
2353	G28	G68	0
2354	G28	G69	0
2355	G28	G70	0
2356	G28	G71	0
2357	G28	G72	0
2358	G28	G73	0
2359	G28	G74	0
2360	G28	G75	0
2361	G28	G76	0
2362	G28	G77	0
2363	G28	G78	0
2364	G28	G79	0
2365	G28	G80	0
2366	G29	G1	0
2367	G29	G2	0
2368	G29	G3	0
2369	G29	G4	0
2370	G29	G5	0
2371	G29	G6	0
2372	G29	G7	0
2373	G29	G8	0
2374	G29	G9	0
2375	G29	G10	0
2376	G29	G11	0
2377	G29	G12	0
2378	G29	G13	0
2379	G29	G14	0
2380	G29	G15	0
2381	G29	G16	0
2382	G29	G17	0
2383	G29	G18	0
2384	G29	G19	0
2385	G29	G20	0
2386	G29	G21	0
2387	G29	G22	0
2388	G29	G23	0
2389	G29	G24	0
2390	G29	G25	0
2391	G29	G26	0
2392	G29	G27	0
2393	G29	G28	0
2394	G29	G30	0
2395	G29	G31	0
2396	G29	G32	0
2397	G29	G33	0
2398	G29	G34	0
2399	G29	G35	0
2400	G29	G36	0
2401	G29	G37	0
2402	G29	G38	0
2403	G29	G39	0
2404	G29	G40	0
2405	G29	G41	0
2406	G29	G42	0
2407	G29	G43	0
2408	G29	G44	0
2409	G29	G45	0
2410	G29	G46	0
2411	G29	G47	0
2412	G29	G48	0
2413	G29	G49	0
2414	G29	G50	0
2415	G29	G51	0
2416	G29	G52	0
2417	G29	G53	0
2418	G29	G54	0
2419	G29	G55	0
2420	G29	G56	0
2421	G29	G57	0
2422	G29	G58	0
2423	G29	G59	0
2424	G29	G60	0
2425	G29	G61	0
2426	G29	G62	0
2427	G29	G63	0
2428	G29	G64	0
2429	G29	G65	0
2430	G29	G66	0
2431	G29	G67	0
2432	G29	G68	0
2433	G29	G69	0
2434	G29	G70	0
2435	G29	G71	0
2436	G29	G72	0
2437	G29	G73	0
2438	G29	G74	0
2439	G29	G75	0
2440	G29	G76	0
2441	G29	G77	0
2442	G29	G78	0
2443	G29	G79	0
2444	G29	G80	0
2445	G30	G1	0
2446	G30	G2	0
2447	G30	G3	0
2448	G30	G4	0
2449	G30	G5	0
2450	G30	G6	0
2451	G30	G7	0
2452	G30	G8	0
2453	G30	G9	0
2454	G30	G10	0
2455	G30	G11	0
2456	G30	G12	0
2457	G30	G13	0
2458	G30	G14	0
2459	G30	G15	0
2460	G30	G16	0
2461	G30	G17	0
2462	G30	G18	0
2463	G30	G19	0
2464	G30	G20	0
2465	G30	G21	0
2466	G30	G22	0
2467	G30	G23	0
2468	G30	G24	0
2469	G30	G25	0
2470	G30	G26	0
2471	G30	G27	0
2472	G30	G28	0
2473	G30	G29	0
2474	G30	G31	0
2475	G30	G32	0
2476	G30	G33	0
2477	G30	G34	0
2478	G30	G35	0
2479	G30	G36	0
2480	G30	G37	0
2481	G30	G38	0
2482	G30	G39	0
2483	G30	G40	0
2484	G30	G41	0
2485	G30	G42	0
2486	G30	G43	0
2487	G30	G44	0
2488	G30	G45	0
2489	G30	G46	0
2490	G30	G47	0
2491	G30	G48	0
2492	G30	G49	0
2493	G30	G50	0
2494	G30	G51	0
2495	G30	G52	0
2496	G30	G53	0
2497	G30	G54	0
2498	G30	G55	0
2499	G30	G56	0
2500	G30	G57	0
2501	G30	G58	0
2502	G30	G59	0
2503	G30	G60	0
2504	G30	G61	0
2505	G30	G62	0
2506	G30	G63	0
2507	G30	G64	0
2508	G30	G65	0
2509	G30	G66	0
2510	G30	G67	0
2511	G30	G68	0
2512	G30	G69	0
2513	G30	G70	0
2514	G30	G71	0
2515	G30	G72	0
2516	G30	G73	0
2517	G30	G74	0
2518	G30	G75	0
2519	G30	G76	0
2520	G30	G77	0
2521	G30	G78	0
2522	G30	G79	0
2523	G30	G80	0
2524	G31	G1	0
2525	G31	G2	0
2526	G31	G3	0
2527	G31	G4	0
2528	G31	G5	0
2529	G31	G6	0
2530	G31	G7	0
2531	G31	G8	0
2532	G31	G9	0
2533	G31	G10	0
2534	G31	G11	0
2535	G31	G12	0
2536	G31	G13	0
2537	G31	G14	0
2538	G31	G15	0
2539	G31	G16	0
2540	G31	G17	0
2541	G31	G18	0
2542	G31	G19	0
2543	G31	G20	0
2544	G31	G21	0
2545	G31	G22	0
2546	G31	G23	0
2547	G31	G24	0
2548	G31	G25	0
2549	G31	G26	0
2550	G31	G27	0
2551	G31	G28	0
2552	G31	G29	0
2553	G31	G30	0
2554	G31	G32	0
2555	G31	G33	0
2556	G31	G34	0
2557	G31	G35	0
2558	G31	G36	0
2559	G31	G37	0
2560	G31	G38	0
2561	G31	G39	0
2562	G31	G40	0
2563	G31	G41	0
2564	G31	G42	0
2565	G31	G43	0
2566	G31	G44	0
2567	G31	G45	0
2568	G31	G46	0
2569	G31	G47	0
2570	G31	G48	0
2571	G31	G49	0
2572	G31	G50	0
2573	G31	G51	0
2574	G31	G52	0
2575	G31	G53	0
2576	G31	G54	0
2577	G31	G55	0
2578	G31	G56	0
2579	G31	G57	0
2580	G31	G58	0
2581	G31	G59	0
2582	G31	G60	0
2583	G31	G61	0
2584	G31	G62	0
2585	G31	G63	0
2586	G31	G64	0
2587	G31	G65	0
2588	G31	G66	0
2589	G31	G67	0
2590	G31	G68	0
2591	G31	G69	0
2592	G31	G70	0
2593	G31	G71	0
2594	G31	G72	0
2595	G31	G73	0
2596	G31	G74	0
2597	G31	G75	0
2598	G31	G76	0
2599	G31	G77	0
2600	G31	G78	0
2601	G31	G79	0
2602	G31	G80	0
2603	G32	G1	0
2604	G32	G2	0
2605	G32	G3	0
2606	G32	G4	0
2607	G32	G5	0
2608	G32	G6	0
2609	G32	G7	0
2610	G32	G8	0
2611	G32	G9	0
2612	G32	G10	0
2613	G32	G11	0
2614	G32	G12	0
2615	G32	G13	0
2616	G32	G14	0
2617	G32	G15	0
2618	G32	G16	0
2619	G32	G17	0
2620	G32	G18	0
2621	G32	G19	0
2622	G32	G20	0
2623	G32	G21	0
2624	G32	G22	0
2625	G32	G23	0
2626	G32	G24	0
2627	G32	G25	0
2628	G32	G26	0
2629	G32	G27	0
2630	G32	G28	0
2631	G32	G29	0
2632	G32	G30	0
2633	G32	G31	0
2634	G32	G33	0
2635	G32	G34	0
2636	G32	G35	0
2637	G32	G36	0
2638	G32	G37	0
2639	G32	G38	0
2640	G32	G39	0
2641	G32	G40	0
2642	G32	G41	0
2643	G32	G42	0
2644	G32	G43	0
2645	G32	G44	0
2646	G32	G45	0
2647	G32	G46	0
2648	G32	G47	0
2649	G32	G48	0
2650	G32	G49	0
2651	G32	G50	0
2652	G32	G51	0
2653	G32	G52	0
2654	G32	G53	0
2655	G32	G54	0
2656	G32	G55	0
2657	G32	G56	0
2658	G32	G57	0
2659	G32	G58	0
2660	G32	G59	0
2661	G32	G60	0
2662	G32	G61	0
2663	G32	G62	0
2664	G32	G63	0
2665	G32	G64	0
2666	G32	G65	0
2667	G32	G66	0
2668	G32	G67	0
2669	G32	G68	0
2670	G32	G69	0
2671	G32	G70	0
2672	G32	G71	0
2673	G32	G72	0
2674	G32	G73	0
2675	G32	G74	0
2676	G32	G75	0
2677	G32	G76	0
2678	G32	G77	0
2679	G32	G78	0
2680	G32	G79	0
2681	G32	G80	0
2682	G33	G1	0
2683	G33	G2	0
2684	G33	G3	0
2685	G33	G4	0
2686	G33	G5	0
2687	G33	G6	0
2688	G33	G7	0
2689	G33	G8	0
2690	G33	G9	0
2691	G33	G10	0
2692	G33	G11	0
2693	G33	G12	0
2694	G33	G13	0
2695	G33	G14	0
2696	G33	G15	0
2697	G33	G16	0
2698	G33	G17	0
2699	G33	G18	0
2700	G33	G19	0
2701	G33	G20	0
2702	G33	G21	0
2703	G33	G22	0
2704	G33	G23	0
2705	G33	G24	0
2706	G33	G25	0
2707	G33	G26	0
2708	G33	G27	0
2709	G33	G28	0
2710	G33	G29	0
2711	G33	G30	0
2712	G33	G31	0
2713	G33	G32	0
2714	G33	G34	0
2715	G33	G35	0
2716	G33	G36	0
2717	G33	G37	0
2718	G33	G38	0
2719	G33	G39	0
2720	G33	G40	0
2721	G33	G41	0
2722	G33	G42	0
2723	G33	G43	0
2724	G33	G44	0
2725	G33	G45	0
2726	G33	G46	0
2727	G33	G47	0
2728	G33	G48	0
2729	G33	G49	0
2730	G33	G50	0
2731	G33	G51	0
2732	G33	G52	0
2733	G33	G53	0
2734	G33	G54	0
2735	G33	G55	0
2736	G33	G56	0
2737	G33	G57	0
2738	G33	G58	0
2739	G33	G59	0
2740	G33	G60	0
2741	G33	G61	0
2742	G33	G62	0
2743	G33	G63	0
2744	G33	G64	0
2745	G33	G65	0
2746	G33	G66	0
2747	G33	G67	0
2748	G33	G68	0
2749	G33	G69	0
2750	G33	G70	0
2751	G33	G71	0
2752	G33	G72	0
2753	G33	G73	0
2754	G33	G74	0
2755	G33	G75	0
2756	G33	G76	0
2757	G33	G77	0
2758	G33	G78	0
2759	G33	G79	0
2760	G33	G80	0
2761	G34	G1	0
2762	G34	G2	0
2763	G34	G3	0
2764	G34	G4	0
2765	G34	G5	0
2766	G34	G6	0
2767	G34	G7	0
2768	G34	G8	0
2769	G34	G9	0
2770	G34	G10	0
2771	G34	G11	0
2772	G34	G12	0
2773	G34	G13	0
2774	G34	G14	0
2775	G34	G15	0
2776	G34	G16	0
2777	G34	G17	0
2778	G34	G18	0
2779	G34	G19	0
2780	G34	G20	0
2781	G34	G21	0
2782	G34	G22	0
2783	G34	G23	0
2784	G34	G24	0
2785	G34	G25	0
2786	G34	G26	0
2787	G34	G27	0
2788	G34	G28	0
2789	G34	G30	0
2790	G34	G31	0
2791	G34	G32	0
2792	G34	G40	0
2793	G34	G41	0
2794	G34	G42	0
2795	G34	G43	0
2796	G34	G44	0
2797	G34	G45	0
2798	G34	G46	0
2799	G34	G47	0
2800	G34	G48	0
2801	G34	G49	0
2802	G34	G50	0
2803	G34	G51	0
2804	G34	G52	0
2805	G34	G53	0
2806	G34	G54	0
2807	G34	G55	0
2808	G34	G56	0
2809	G34	G57	0
2810	G34	G58	0
2811	G34	G59	0
2812	G34	G60	0
2813	G34	G61	0
2814	G34	G62	0
2815	G34	G63	0
2816	G34	G64	0
2817	G34	G65	0
2818	G34	G66	0
2819	G34	G67	0
2820	G34	G68	0
2821	G34	G69	0
2822	G34	G70	0
2823	G34	G71	0
2824	G34	G72	0
2825	G34	G73	0
2826	G34	G74	0
2827	G34	G75	0
2828	G34	G76	0
2829	G34	G77	0
2830	G34	G78	0
2831	G34	G79	0
2832	G34	G80	0
2833	G35	G1	0
2834	G35	G2	0
2835	G35	G3	0
2836	G35	G4	0
2837	G35	G5	0
2838	G35	G6	0
2839	G35	G7	0
2840	G35	G8	0
2841	G35	G9	0
2842	G35	G10	0
2843	G35	G11	0
2844	G35	G12	0
2845	G35	G13	0
2846	G35	G14	0
2847	G35	G15	0
2848	G35	G16	0
2849	G35	G17	0
2850	G35	G18	0
2851	G35	G19	0
2852	G35	G20	0
2853	G35	G21	0
2854	G35	G22	0
2855	G35	G23	0
2856	G35	G24	0
2857	G35	G25	0
2858	G35	G26	0
2859	G35	G27	0
2860	G35	G28	0
2861	G35	G29	0
2862	G35	G30	0
2863	G35	G31	0
2864	G35	G32	0
2865	G35	G33	0
2866	G35	G34	0
2867	G35	G36	0
2868	G35	G37	0
2869	G35	G38	0
2870	G35	G39	0
2871	G35	G40	0
2872	G35	G41	0
2873	G35	G42	0
2874	G35	G43	0
2875	G35	G44	0
2876	G35	G45	0
2877	G35	G46	0
2878	G35	G47	0
2879	G35	G48	0
2880	G35	G49	0
2881	G35	G50	0
2882	G35	G51	0
2883	G35	G52	0
2884	G35	G53	0
2885	G35	G54	0
2886	G35	G55	0
2887	G35	G56	0
2888	G35	G57	0
2889	G35	G58	0
2890	G35	G59	0
2891	G35	G60	0
2892	G35	G61	0
2893	G35	G62	0
2894	G35	G63	0
2895	G35	G64	0
2896	G35	G65	0
2897	G35	G66	0
2898	G35	G67	0
2899	G35	G68	0
2900	G35	G69	0
2901	G35	G70	0
2902	G35	G71	0
2903	G35	G72	0
2904	G35	G73	0
2905	G35	G74	0
2906	G35	G75	0
2907	G35	G76	0
2908	G35	G77	0
2909	G35	G78	0
2910	G35	G79	0
2911	G35	G80	0
2912	G36	G1	0
2913	G36	G2	0
2914	G36	G3	0
2915	G36	G4	0
2916	G36	G5	0
2917	G36	G6	0
2918	G36	G7	0
2919	G36	G8	0
2920	G36	G9	0
2921	G36	G10	0
2922	G36	G11	0
2923	G36	G12	0
2924	G36	G13	0
2925	G36	G14	0
2926	G36	G15	0
2927	G36	G16	0
2928	G36	G17	0
2929	G36	G18	0
2930	G36	G19	0
2931	G36	G20	0
2932	G36	G21	0
2933	G36	G22	0
2934	G36	G23	0
2935	G36	G24	0
2936	G36	G25	0
2937	G36	G26	0
2938	G36	G27	0
2939	G36	G28	0
2940	G36	G29	0
2941	G36	G30	0
2942	G36	G31	0
2943	G36	G32	0
2944	G36	G33	0
2945	G36	G34	0
2946	G36	G35	0
2947	G36	G37	0
2948	G36	G38	0
2949	G36	G39	0
2950	G36	G40	0
2951	G36	G41	0
2952	G36	G42	0
2953	G36	G43	0
2954	G36	G44	0
2955	G36	G45	0
2956	G36	G46	0
2957	G36	G47	0
2958	G36	G48	0
2959	G36	G49	0
2960	G36	G50	0
2961	G36	G51	0
2962	G36	G52	0
2963	G36	G53	0
2964	G36	G54	0
2965	G36	G55	0
2966	G36	G56	0
2967	G36	G57	0
2968	G36	G58	0
2969	G36	G59	0
2970	G36	G60	0
2971	G36	G61	0
2972	G36	G62	0
2973	G36	G63	0
2974	G36	G64	0
2975	G36	G65	0
2976	G36	G66	0
2977	G36	G67	0
2978	G36	G68	0
2979	G36	G69	0
2980	G36	G70	0
2981	G36	G71	0
2982	G36	G72	0
2983	G36	G73	0
2984	G36	G74	0
2985	G36	G75	0
2986	G36	G76	0
2987	G36	G77	0
2988	G36	G78	0
2989	G36	G79	0
2990	G36	G80	0
2991	G37	G1	0
2992	G37	G2	0
2993	G37	G3	0
2994	G37	G4	0
2995	G37	G5	0
2996	G37	G6	0
2997	G37	G7	0
2998	G37	G8	0
2999	G37	G9	0
3000	G37	G10	0
3001	G37	G11	0
3002	G37	G12	0
3003	G37	G13	0
3004	G37	G14	0
3005	G37	G15	0
3006	G37	G16	0
3007	G37	G17	0
3008	G37	G18	0
3009	G37	G19	0
3010	G37	G20	0
3011	G37	G21	0
3012	G37	G22	0
3013	G37	G23	0
3014	G37	G24	0
3015	G37	G25	0
3016	G37	G26	0
3017	G37	G27	0
3018	G37	G28	0
3019	G37	G29	0
3020	G37	G30	0
3021	G37	G31	0
3022	G37	G32	0
3023	G37	G33	0
3024	G37	G34	0
3025	G37	G35	0
3026	G37	G36	0
3027	G37	G38	0
3028	G37	G39	0
3029	G37	G40	0
3030	G37	G41	0
3031	G37	G42	0
3032	G37	G43	0
3033	G37	G44	0
3034	G37	G45	0
3035	G37	G46	0
3036	G37	G47	0
3037	G37	G48	0
3038	G37	G49	0
3039	G37	G50	0
3040	G37	G51	0
3041	G37	G52	0
3042	G37	G53	0
3043	G37	G54	0
3044	G37	G55	0
3045	G37	G56	0
3046	G37	G57	0
3047	G37	G58	0
3048	G37	G59	0
3049	G37	G60	0
3050	G37	G61	0
3051	G37	G62	0
3052	G37	G63	0
3053	G37	G64	0
3054	G37	G65	0
3055	G37	G66	0
3056	G37	G67	0
3057	G37	G68	0
3058	G37	G69	0
3059	G37	G70	0
3060	G37	G71	0
3061	G37	G72	0
3062	G37	G73	0
3063	G37	G74	0
3064	G37	G75	0
3065	G37	G76	0
3066	G37	G77	0
3067	G37	G78	0
3068	G37	G79	0
3069	G37	G80	0
3070	G38	G1	0
3071	G38	G2	0
3072	G38	G3	0
3073	G38	G4	0
3074	G38	G5	0
3075	G38	G6	0
3076	G38	G7	0
3077	G38	G8	0
3078	G38	G9	0
3079	G38	G10	0
3080	G38	G11	0
3081	G38	G12	0
3082	G38	G13	0
3083	G38	G14	0
3084	G38	G15	0
3085	G38	G16	0
3086	G38	G17	0
3087	G38	G18	0
3088	G38	G19	0
3089	G38	G20	0
3090	G38	G21	0
3091	G38	G22	0
3092	G38	G23	0
3093	G38	G24	0
3094	G38	G25	0
3095	G38	G26	0
3096	G38	G27	0
3097	G38	G28	0
3098	G38	G29	0
3099	G38	G30	0
3100	G38	G31	0
3101	G38	G32	0
3102	G38	G33	0
3103	G38	G34	0
3104	G38	G35	0
3105	G38	G36	0
3106	G38	G37	0
3107	G38	G39	0
3108	G38	G40	0
3109	G38	G41	0
3110	G38	G42	0
3111	G38	G43	0
3112	G38	G44	0
3113	G38	G45	0
3114	G38	G46	0
3115	G38	G47	0
3116	G38	G48	0
3117	G38	G49	0
3118	G38	G50	0
3119	G38	G51	0
3120	G38	G52	0
3121	G38	G53	0
3122	G38	G54	0
3123	G38	G55	0
3124	G38	G56	0
3125	G38	G57	0
3126	G38	G58	0
3127	G38	G59	0
3128	G38	G60	0
3129	G38	G61	0
3130	G38	G62	0
3131	G38	G63	0
3132	G38	G64	0
3133	G38	G65	0
3134	G38	G66	0
3135	G38	G67	0
3136	G38	G68	0
3137	G38	G69	0
3138	G38	G70	0
3139	G38	G71	0
3140	G38	G72	0
3141	G38	G73	0
3142	G38	G74	0
3143	G38	G75	0
3144	G38	G76	0
3145	G38	G77	0
3146	G38	G78	0
3147	G38	G79	0
3148	G38	G80	0
3149	G39	G1	0
3150	G39	G2	0
3151	G39	G3	0
3152	G39	G4	0
3153	G39	G5	0
3154	G39	G6	0
3155	G39	G7	0
3156	G39	G8	0
3157	G39	G9	0
3158	G39	G10	0
3159	G39	G11	0
3160	G39	G12	0
3161	G39	G13	0
3162	G39	G14	0
3163	G39	G15	0
3164	G39	G16	0
3165	G39	G17	0
3166	G39	G18	0
3167	G39	G19	0
3168	G39	G20	0
3169	G39	G21	0
3170	G39	G22	0
3171	G39	G23	0
3172	G39	G24	0
3173	G39	G25	0
3174	G39	G26	0
3175	G39	G27	0
3176	G39	G28	0
3177	G39	G29	0
3178	G39	G30	0
3179	G39	G31	0
3180	G39	G32	0
3181	G39	G33	0
3182	G39	G34	0
3183	G39	G35	0
3184	G39	G36	0
3185	G39	G37	0
3186	G39	G38	0
3187	G39	G40	0
3188	G39	G41	0
3189	G39	G42	0
3190	G39	G43	0
3191	G39	G44	0
3192	G39	G45	0
3193	G39	G46	0
3194	G39	G47	0
3195	G39	G48	0
3196	G39	G49	0
3197	G39	G50	0
3198	G39	G51	0
3199	G39	G52	0
3200	G39	G53	0
3201	G39	G54	0
3202	G39	G55	0
3203	G39	G56	0
3204	G39	G57	0
3205	G39	G58	0
3206	G39	G59	0
3207	G39	G60	0
3208	G39	G61	0
3209	G39	G62	0
3210	G39	G63	0
3211	G39	G64	0
3212	G39	G65	0
3213	G39	G66	0
3214	G39	G67	0
3215	G39	G68	0
3216	G39	G69	0
3217	G39	G70	0
3218	G39	G71	0
3219	G39	G72	0
3220	G39	G73	0
3221	G39	G74	0
3222	G39	G75	0
3223	G39	G76	0
3224	G39	G77	0
3225	G39	G78	0
3226	G39	G79	0
3227	G39	G80	0
3228	G40	G1	0
3229	G40	G2	0
3230	G40	G3	0
3231	G40	G4	0
3232	G40	G5	0
3233	G40	G6	0
3234	G40	G7	0
3235	G40	G8	0
3236	G40	G9	0
3237	G40	G10	0
3238	G40	G11	0
3239	G40	G12	0
3240	G40	G13	0
3241	G40	G14	0
3242	G40	G15	0
3243	G40	G16	0
3244	G40	G17	0
3245	G40	G18	0
3246	G40	G19	0
3247	G40	G20	0
3248	G40	G21	0
3249	G40	G22	0
3250	G40	G23	0
3251	G40	G24	0
3252	G40	G25	0
3253	G40	G26	0
3254	G40	G27	0
3255	G40	G28	0
3256	G40	G29	0
3257	G40	G30	0
3258	G40	G31	0
3259	G40	G32	0
3260	G40	G33	0
3261	G40	G34	0
3262	G40	G35	0
3263	G40	G36	0
3264	G40	G37	0
3265	G40	G38	0
3266	G40	G39	0
3267	G40	G41	0
3268	G40	G42	0
3269	G40	G43	0
3270	G40	G44	0
3271	G40	G45	0
3272	G40	G46	0
3273	G40	G47	0
3274	G40	G48	0
3275	G40	G49	0
3276	G40	G50	0
3277	G40	G51	0
3278	G40	G52	0
3279	G40	G53	0
3280	G40	G54	0
3281	G40	G55	0
3282	G40	G56	0
3283	G40	G57	0
3284	G40	G58	0
3285	G40	G59	0
3286	G40	G60	0
3287	G40	G61	0
3288	G40	G62	0
3289	G40	G63	0
3290	G40	G64	0
3291	G40	G65	0
3292	G40	G66	0
3293	G40	G67	0
3294	G40	G68	0
3295	G40	G69	0
3296	G40	G70	0
3297	G40	G71	0
3298	G40	G72	0
3299	G40	G73	0
3300	G40	G74	0
3301	G40	G75	0
3302	G40	G76	0
3303	G40	G77	0
3304	G40	G78	0
3305	G40	G79	0
3306	G40	G80	0
3307	G41	G1	0
3308	G41	G2	0
3309	G41	G3	0
3310	G41	G4	0
3311	G41	G5	0
3312	G41	G6	0
3313	G41	G7	0
3314	G41	G8	0
3315	G41	G9	0
3316	G41	G10	0
3317	G41	G11	0
3318	G41	G12	0
3319	G41	G13	0
3320	G41	G14	0
3321	G41	G15	0
3322	G41	G16	0
3323	G41	G17	0
3324	G41	G18	0
3325	G41	G19	0
3326	G41	G20	0
3327	G41	G21	0
3328	G41	G22	0
3329	G41	G23	0
3330	G41	G24	0
3331	G41	G25	0
3332	G41	G26	0
3333	G41	G27	0
3334	G41	G28	0
3335	G41	G29	0
3336	G41	G30	0
3337	G41	G31	0
3338	G41	G32	0
3339	G41	G33	0
3340	G41	G34	0
3341	G41	G35	0
3342	G41	G36	0
3343	G41	G37	0
3344	G41	G38	0
3345	G41	G39	0
3346	G41	G40	0
3347	G41	G42	0
3348	G41	G43	0
3349	G41	G44	0
3350	G41	G45	0
3351	G41	G46	0
3352	G41	G47	0
3353	G41	G48	0
3354	G41	G49	0
3355	G41	G50	0
3356	G41	G51	0
3357	G41	G52	0
3358	G41	G53	0
3359	G41	G54	0
3360	G41	G55	0
3361	G41	G56	0
3362	G41	G57	0
3363	G41	G58	0
3364	G41	G59	0
3365	G41	G60	0
3366	G41	G61	0
3367	G41	G62	0
3368	G41	G63	0
3369	G41	G64	0
3370	G41	G65	0
3371	G41	G66	0
3372	G41	G67	0
3373	G41	G68	0
3374	G41	G69	0
3375	G41	G70	0
3376	G41	G71	0
3377	G41	G72	0
3378	G41	G73	0
3379	G41	G74	0
3380	G41	G75	0
3381	G41	G76	0
3382	G41	G77	0
3383	G41	G78	0
3384	G41	G79	0
3385	G41	G80	0
3386	G42	G1	0
3387	G42	G2	0
3388	G42	G3	0
3389	G42	G4	0
3390	G42	G5	0
3391	G42	G6	0
3392	G42	G7	0
3393	G42	G8	0
3394	G42	G9	0
3395	G42	G10	0
3396	G42	G11	0
3397	G42	G12	0
3398	G42	G13	0
3399	G42	G14	0
3400	G42	G15	0
3401	G42	G16	0
3402	G42	G17	0
3403	G42	G18	0
3404	G42	G19	0
3405	G42	G20	0
3406	G42	G21	0
3407	G42	G22	0
3408	G42	G23	0
3409	G42	G24	0
3410	G42	G25	0
3411	G42	G26	0
3412	G42	G27	0
3413	G42	G28	0
3414	G42	G29	0
3415	G42	G30	0
3416	G42	G31	0
3417	G42	G33	0
3418	G42	G34	0
3419	G42	G35	0
3420	G42	G36	0
3421	G42	G37	0
3422	G42	G38	0
3423	G42	G39	0
3424	G42	G40	0
3425	G42	G48	0
3426	G42	G52	0
3427	G42	G53	0
3428	G42	G54	0
3429	G42	G55	0
3430	G42	G56	0
3431	G42	G57	0
3432	G42	G58	0
3433	G42	G59	0
3434	G42	G60	0
3435	G42	G61	0
3436	G42	G62	0
3437	G42	G63	0
3438	G42	G64	0
3439	G42	G65	0
3440	G42	G66	0
3441	G42	G67	0
3442	G42	G68	0
3443	G42	G69	0
3444	G42	G70	0
3445	G42	G71	0
3446	G42	G72	0
3447	G42	G73	0
3448	G42	G74	0
3449	G42	G75	0
3450	G42	G76	0
3451	G42	G77	0
3452	G42	G78	0
3453	G42	G79	0
3454	G42	G80	0
3455	G43	G1	0
3456	G43	G2	0
3457	G43	G3	0
3458	G43	G4	0
3459	G43	G5	0
3460	G43	G6	0
3461	G43	G7	0
3462	G43	G8	0
3463	G43	G9	0
3464	G43	G10	0
3465	G43	G11	0
3466	G43	G12	0
3467	G43	G13	0
3468	G43	G14	0
3469	G43	G15	0
3470	G43	G16	0
3471	G43	G17	0
3472	G43	G18	0
3473	G43	G19	0
3474	G43	G20	0
3475	G43	G21	0
3476	G43	G22	0
3477	G43	G23	0
3478	G43	G24	0
3479	G43	G25	0
3480	G43	G26	0
3481	G43	G27	0
3482	G43	G28	0
3483	G43	G29	0
3484	G43	G30	0
3485	G43	G31	0
3486	G43	G32	0
3487	G43	G33	0
3488	G43	G34	0
3489	G43	G35	0
3490	G43	G36	0
3491	G43	G37	0
3492	G43	G38	0
3493	G43	G39	0
3494	G43	G40	0
3495	G43	G41	0
3496	G43	G42	0
3497	G43	G44	0
3498	G43	G45	0
3499	G43	G46	0
3500	G43	G47	0
3501	G43	G48	0
3502	G43	G49	0
3503	G43	G50	0
3504	G43	G51	0
3505	G43	G52	0
3506	G43	G53	0
3507	G43	G54	0
3508	G43	G55	0
3509	G43	G56	0
3510	G43	G57	0
3511	G43	G58	0
3512	G43	G59	0
3513	G43	G60	0
3514	G43	G61	0
3515	G43	G62	0
3516	G43	G63	0
3517	G43	G64	0
3518	G43	G65	0
3519	G43	G66	0
3520	G43	G67	0
3521	G43	G68	0
3522	G43	G69	0
3523	G43	G70	0
3524	G43	G71	0
3525	G43	G72	0
3526	G43	G73	0
3527	G43	G74	0
3528	G43	G75	0
3529	G43	G76	0
3530	G43	G77	0
3531	G43	G78	0
3532	G43	G79	0
3533	G43	G80	0
3534	G44	G1	0
3535	G44	G2	0
3536	G44	G3	0
3537	G44	G4	0
3538	G44	G5	0
3539	G44	G6	0
3540	G44	G7	0
3541	G44	G8	0
3542	G44	G9	0
3543	G44	G10	0
3544	G44	G11	0
3545	G44	G12	0
3546	G44	G13	0
3547	G44	G14	0
3548	G44	G15	0
3549	G44	G16	0
3550	G44	G17	0
3551	G44	G18	0
3552	G44	G19	0
3553	G44	G20	0
3554	G44	G21	0
3555	G44	G22	0
3556	G44	G23	0
3557	G44	G24	0
3558	G44	G25	0
3559	G44	G26	0
3560	G44	G27	0
3561	G44	G28	0
3562	G44	G29	0
3563	G44	G30	0
3564	G44	G31	0
3565	G44	G32	0
3566	G44	G33	0
3567	G44	G34	0
3568	G44	G35	0
3569	G44	G36	0
3570	G44	G37	0
3571	G44	G38	0
3572	G44	G39	0
3573	G44	G40	0
3574	G44	G41	0
3575	G44	G42	0
3576	G44	G43	0
3577	G44	G45	0
3578	G44	G46	0
3579	G44	G47	0
3580	G44	G48	0
3581	G44	G49	0
3582	G44	G50	0
3583	G44	G51	0
3584	G44	G52	0
3585	G44	G53	0
3586	G44	G54	0
3587	G44	G55	0
3588	G44	G56	0
3589	G44	G57	0
3590	G44	G58	0
3591	G44	G59	0
3592	G44	G60	0
3593	G44	G61	0
3594	G44	G62	0
3595	G44	G63	0
3596	G44	G64	0
3597	G44	G65	0
3598	G44	G66	0
3599	G44	G67	0
3600	G44	G68	0
3601	G44	G69	0
3602	G44	G70	0
3603	G44	G71	0
3604	G44	G72	0
3605	G44	G73	0
3606	G44	G74	0
3607	G44	G75	0
3608	G44	G76	0
3609	G44	G77	0
3610	G44	G78	0
3611	G44	G79	0
3612	G44	G80	0
3613	G45	G1	0
3614	G45	G2	0
3615	G45	G3	0
3616	G45	G4	0
3617	G45	G5	0
3618	G45	G6	0
3619	G45	G7	0
3620	G45	G8	0
3621	G45	G9	0
3622	G45	G10	0
3623	G45	G11	0
3624	G45	G12	0
3625	G45	G13	0
3626	G45	G14	0
3627	G45	G15	0
3628	G45	G16	0
3629	G45	G17	0
3630	G45	G18	0
3631	G45	G19	0
3632	G45	G20	0
3633	G45	G21	0
3634	G45	G22	0
3635	G45	G23	0
3636	G45	G24	0
3637	G45	G25	0
3638	G45	G26	0
3639	G45	G27	0
3640	G45	G28	0
3641	G45	G29	0
3642	G45	G30	0
3643	G45	G31	0
3644	G45	G32	0
3645	G45	G33	0
3646	G45	G34	0
3647	G45	G35	0
3648	G45	G36	0
3649	G45	G37	0
3650	G45	G38	0
3651	G45	G39	0
3652	G45	G40	0
3653	G45	G41	0
3654	G45	G42	0
3655	G45	G43	0
3656	G45	G44	0
3657	G45	G46	0
3658	G45	G47	0
3659	G45	G48	0
3660	G45	G49	0
3661	G45	G50	0
3662	G45	G51	0
3663	G45	G52	0
3664	G45	G53	0
3665	G45	G54	0
3666	G45	G55	0
3667	G45	G56	0
3668	G45	G57	0
3669	G45	G58	0
3670	G45	G59	0
3671	G45	G60	0
3672	G45	G61	0
3673	G45	G62	0
3674	G45	G63	0
3675	G45	G64	0
3676	G45	G65	0
3677	G45	G66	0
3678	G45	G67	0
3679	G45	G68	0
3680	G45	G69	0
3681	G45	G70	0
3682	G45	G71	0
3683	G45	G72	0
3684	G45	G73	0
3685	G45	G74	0
3686	G45	G75	0
3687	G45	G76	0
3688	G45	G77	0
3689	G45	G78	0
3690	G45	G79	0
3691	G45	G80	0
3692	G46	G1	0
3693	G46	G2	0
3694	G46	G3	0
3695	G46	G4	0
3696	G46	G5	0
3697	G46	G6	0
3698	G46	G7	0
3699	G46	G8	0
3700	G46	G9	0
3701	G46	G10	0
3702	G46	G11	0
3703	G46	G12	0
3704	G46	G13	0
3705	G46	G14	0
3706	G46	G15	0
3707	G46	G16	0
3708	G46	G17	0
3709	G46	G18	0
3710	G46	G19	0
3711	G46	G20	0
3712	G46	G21	0
3713	G46	G22	0
3714	G46	G23	0
3715	G46	G24	0
3716	G46	G25	0
3717	G46	G26	0
3718	G46	G27	0
3719	G46	G28	0
3720	G46	G29	0
3721	G46	G30	0
3722	G46	G31	0
3723	G46	G32	0
3724	G46	G33	0
3725	G46	G34	0
3726	G46	G35	0
3727	G46	G36	0
3728	G46	G37	0
3729	G46	G38	0
3730	G46	G39	0
3731	G46	G40	0
3732	G46	G41	0
3733	G46	G42	0
3734	G46	G43	0
3735	G46	G44	0
3736	G46	G45	0
3737	G46	G47	0
3738	G46	G48	0
3739	G46	G49	0
3740	G46	G50	0
3741	G46	G51	0
3742	G46	G52	0
3743	G46	G53	0
3744	G46	G54	0
3745	G46	G55	0
3746	G46	G56	0
3747	G46	G57	0
3748	G46	G58	0
3749	G46	G59	0
3750	G46	G60	0
3751	G46	G61	0
3752	G46	G62	0
3753	G46	G63	0
3754	G46	G64	0
3755	G46	G65	0
3756	G46	G66	0
3757	G46	G67	0
3758	G46	G68	0
3759	G46	G69	0
3760	G46	G70	0
3761	G46	G71	0
3762	G46	G72	0
3763	G46	G73	0
3764	G46	G74	0
3765	G46	G75	0
3766	G46	G76	0
3767	G46	G77	0
3768	G46	G78	0
3769	G46	G79	0
3770	G46	G80	0
3771	G47	G1	0
3772	G47	G2	0
3773	G47	G3	0
3774	G47	G4	0
3775	G47	G5	0
3776	G47	G6	0
3777	G47	G7	0
3778	G47	G8	0
3779	G47	G9	0
3780	G47	G10	0
3781	G47	G11	0
3782	G47	G12	0
3783	G47	G13	0
3784	G47	G14	0
3785	G47	G15	0
3786	G47	G16	0
3787	G47	G17	0
3788	G47	G18	0
3789	G47	G19	0
3790	G47	G20	0
3791	G47	G21	0
3792	G47	G22	0
3793	G47	G23	0
3794	G47	G24	0
3795	G47	G25	0
3796	G47	G26	0
3797	G47	G27	0
3798	G47	G28	0
3799	G47	G29	0
3800	G47	G30	0
3801	G47	G31	0
3802	G47	G32	0
3803	G47	G33	0
3804	G47	G34	0
3805	G47	G35	0
3806	G47	G36	0
3807	G47	G37	0
3808	G47	G38	0
3809	G47	G39	0
3810	G47	G40	0
3811	G47	G41	0
3812	G47	G42	0
3813	G47	G43	0
3814	G47	G44	0
3815	G47	G45	0
3816	G47	G46	0
3817	G47	G48	0
3818	G47	G49	0
3819	G47	G50	0
3820	G47	G51	0
3821	G47	G52	0
3822	G47	G53	0
3823	G47	G54	0
3824	G47	G55	0
3825	G47	G56	0
3826	G47	G57	0
3827	G47	G58	0
3828	G47	G59	0
3829	G47	G60	0
3830	G47	G61	0
3831	G47	G62	0
3832	G47	G63	0
3833	G47	G64	0
3834	G47	G65	0
3835	G47	G66	0
3836	G47	G67	0
3837	G47	G68	0
3838	G47	G69	0
3839	G47	G70	0
3840	G47	G71	0
3841	G47	G72	0
3842	G47	G73	0
3843	G47	G74	0
3844	G47	G75	0
3845	G47	G76	0
3846	G47	G77	0
3847	G47	G78	0
3848	G47	G79	0
3849	G47	G80	0
3850	G48	G1	0
3851	G48	G2	0
3852	G48	G3	0
3853	G48	G4	0
3854	G48	G5	0
3855	G48	G6	0
3856	G48	G7	0
3857	G48	G8	0
3858	G48	G9	0
3859	G48	G10	0
3860	G48	G11	0
3861	G48	G12	0
3862	G48	G13	0
3863	G48	G14	0
3864	G48	G15	0
3865	G48	G16	0
3866	G48	G17	0
3867	G48	G18	0
3868	G48	G19	0
3869	G48	G20	0
3870	G48	G21	0
3871	G48	G22	0
3872	G48	G23	0
3873	G48	G24	0
3874	G48	G25	0
3875	G48	G26	0
3876	G48	G27	0
3877	G48	G28	0
3878	G48	G29	0
3879	G48	G30	0
3880	G48	G31	0
3881	G48	G32	0
3882	G48	G33	0
3883	G48	G34	0
3884	G48	G35	0
3885	G48	G36	0
3886	G48	G37	0
3887	G48	G38	0
3888	G48	G39	0
3889	G48	G40	0
3890	G48	G41	0
3891	G48	G42	0
3892	G48	G43	0
3893	G48	G44	0
3894	G48	G52	0
3895	G48	G54	0
3896	G48	G60	0
3897	G48	G62	0
3898	G48	G63	0
3899	G48	G64	0
3900	G48	G65	0
3901	G48	G66	0
3902	G48	G67	0
3903	G48	G68	0
3904	G48	G69	0
3905	G48	G70	0
3906	G48	G71	0
3907	G48	G72	0
3908	G48	G73	0
3909	G48	G74	0
3910	G48	G75	0
3911	G48	G76	0
3912	G48	G77	0
3913	G48	G78	0
3914	G48	G79	0
3915	G48	G80	0
3916	G49	G1	0
3917	G49	G2	0
3918	G49	G3	0
3919	G49	G4	0
3920	G49	G5	0
3921	G49	G6	0
3922	G49	G7	0
3923	G49	G8	0
3924	G49	G9	0
3925	G49	G10	0
3926	G49	G11	0
3927	G49	G12	0
3928	G49	G13	0
3929	G49	G14	0
3930	G49	G15	0
3931	G49	G16	0
3932	G49	G17	0
3933	G49	G18	0
3934	G49	G19	0
3935	G49	G20	0
3936	G49	G21	0
3937	G49	G22	0
3938	G49	G23	0
3939	G49	G24	0
3940	G49	G25	0
3941	G49	G26	0
3942	G49	G27	0
3943	G49	G28	0
3944	G49	G29	0
3945	G49	G30	0
3946	G49	G31	0
3947	G49	G32	0
3948	G49	G33	0
3949	G49	G34	0
3950	G49	G35	0
3951	G49	G36	0
3952	G49	G37	0
3953	G49	G38	0
3954	G49	G39	0
3955	G49	G40	0
3956	G49	G41	0
3957	G49	G42	0
3958	G49	G43	0
3959	G49	G44	0
3960	G49	G45	0
3961	G49	G46	0
3962	G49	G47	0
3963	G49	G48	0
3964	G49	G50	0
3965	G49	G51	0
3966	G49	G52	0
3967	G49	G53	0
3968	G49	G54	0
3969	G49	G55	0
3970	G49	G56	0
3971	G49	G57	0
3972	G49	G58	0
3973	G49	G59	0
3974	G49	G60	0
3975	G49	G61	0
3976	G49	G62	0
3977	G49	G63	0
3978	G49	G64	0
3979	G49	G65	0
3980	G49	G66	0
3981	G49	G67	0
3982	G49	G68	0
3983	G49	G69	0
3984	G49	G70	0
3985	G49	G71	0
3986	G49	G72	0
3987	G49	G73	0
3988	G49	G74	0
3989	G49	G75	0
3990	G49	G76	0
3991	G49	G77	0
3992	G49	G78	0
3993	G49	G79	0
3994	G49	G80	0
3995	G50	G1	0
3996	G50	G2	0
3997	G50	G3	0
3998	G50	G4	0
3999	G50	G5	0
4000	G50	G6	0
4001	G50	G7	0
4002	G50	G8	0
4003	G50	G9	0
4004	G50	G10	0
4005	G50	G11	0
4006	G50	G12	0
4007	G50	G13	0
4008	G50	G14	0
4009	G50	G15	0
4010	G50	G16	0
4011	G50	G17	0
4012	G50	G18	0
4013	G50	G19	0
4014	G50	G20	0
4015	G50	G21	0
4016	G50	G22	0
4017	G50	G23	0
4018	G50	G24	0
4019	G50	G25	0
4020	G50	G26	0
4021	G50	G27	0
4022	G50	G28	0
4023	G50	G29	0
4024	G50	G30	0
4025	G50	G31	0
4026	G50	G32	0
4027	G50	G33	0
4028	G50	G34	0
4029	G50	G35	0
4030	G50	G36	0
4031	G50	G37	0
4032	G50	G38	0
4033	G50	G39	0
4034	G50	G40	0
4035	G50	G41	0
4036	G50	G42	0
4037	G50	G43	0
4038	G50	G44	0
4039	G50	G45	0
4040	G50	G46	0
4041	G50	G47	0
4042	G50	G48	0
4043	G50	G49	0
4044	G50	G51	0
4045	G50	G52	0
4046	G50	G53	0
4047	G50	G54	0
4048	G50	G55	0
4049	G50	G56	0
4050	G50	G57	0
4051	G50	G58	0
4052	G50	G59	0
4053	G50	G60	0
4054	G50	G61	0
4055	G50	G62	0
4056	G50	G63	0
4057	G50	G64	0
4058	G50	G65	0
4059	G50	G66	0
4060	G50	G67	0
4061	G50	G68	0
4062	G50	G69	0
4063	G50	G70	0
4064	G50	G71	0
4065	G50	G72	0
4066	G50	G73	0
4067	G50	G74	0
4068	G50	G75	0
4069	G50	G76	0
4070	G50	G77	0
4071	G50	G78	0
4072	G50	G79	0
4073	G50	G80	0
4074	G51	G1	0
4075	G51	G2	0
4076	G51	G3	0
4077	G51	G4	0
4078	G51	G5	0
4079	G51	G6	0
4080	G51	G7	0
4081	G51	G8	0
4082	G51	G9	0
4083	G51	G10	0
4084	G51	G11	0
4085	G51	G12	0
4086	G51	G13	0
4087	G51	G14	0
4088	G51	G15	0
4089	G51	G16	0
4090	G51	G17	0
4091	G51	G18	0
4092	G51	G19	0
4093	G51	G20	0
4094	G51	G21	0
4095	G51	G22	0
4096	G51	G23	0
4097	G51	G24	0
4098	G51	G25	0
4099	G51	G26	0
4100	G51	G27	0
4101	G51	G28	0
4102	G51	G29	0
4103	G51	G30	0
4104	G51	G31	0
4105	G51	G32	0
4106	G51	G33	0
4107	G51	G34	0
4108	G51	G35	0
4109	G51	G36	0
4110	G51	G37	0
4111	G51	G38	0
4112	G51	G39	0
4113	G51	G40	0
4114	G51	G41	0
4115	G51	G42	0
4116	G51	G43	0
4117	G51	G44	0
4118	G51	G45	0
4119	G51	G46	0
4120	G51	G47	0
4121	G51	G48	0
4122	G51	G49	0
4123	G51	G50	0
4124	G51	G52	0
4125	G51	G53	0
4126	G51	G54	0
4127	G51	G55	0
4128	G51	G56	0
4129	G51	G57	0
4130	G51	G58	0
4131	G51	G59	0
4132	G51	G60	0
4133	G51	G61	0
4134	G51	G62	0
4135	G51	G63	0
4136	G51	G64	0
4137	G51	G65	0
4138	G51	G66	0
4139	G51	G67	0
4140	G51	G68	0
4141	G51	G69	0
4142	G51	G70	0
4143	G51	G71	0
4144	G51	G72	0
4145	G51	G73	0
4146	G51	G74	0
4147	G51	G75	0
4148	G51	G76	0
4149	G51	G77	0
4150	G51	G78	0
4151	G51	G79	0
4152	G51	G80	0
4153	G52	G1	0
4154	G52	G2	0
4155	G52	G3	0
4156	G52	G4	0
4157	G52	G5	0
4158	G52	G6	0
4159	G52	G7	0
4160	G52	G8	0
4161	G52	G9	0
4162	G52	G10	0
4163	G52	G11	0
4164	G52	G12	0
4165	G52	G13	0
4166	G52	G14	0
4167	G52	G15	0
4168	G52	G16	0
4169	G52	G17	0
4170	G52	G18	0
4171	G52	G19	0
4172	G52	G20	0
4173	G52	G21	0
4174	G52	G22	0
4175	G52	G23	0
4176	G52	G24	0
4177	G52	G25	0
4178	G52	G26	0
4179	G52	G27	0
4180	G52	G28	0
4181	G52	G29	0
4182	G52	G30	0
4183	G52	G31	0
4184	G52	G32	0
4185	G52	G33	0
4186	G52	G34	0
4187	G52	G35	0
4188	G52	G36	0
4189	G52	G37	0
4190	G52	G38	0
4191	G52	G39	0
4192	G52	G40	0
4193	G52	G41	0
4194	G52	G42	0
4195	G52	G43	0
4196	G52	G44	0
4197	G52	G48	0
4198	G52	G54	0
4199	G52	G60	0
4200	G52	G67	0
4201	G52	G70	0
4202	G52	G79	0
4203	G52	G80	0
4204	G53	G1	0
4205	G53	G2	0
4206	G53	G3	0
4207	G53	G4	0
4208	G53	G5	0
4209	G53	G6	0
4210	G53	G7	0
4211	G53	G8	0
4212	G53	G9	0
4213	G53	G10	0
4214	G53	G11	0
4215	G53	G12	0
4216	G53	G13	0
4217	G53	G14	0
4218	G53	G15	0
4219	G53	G16	0
4220	G53	G17	0
4221	G53	G18	0
4222	G53	G19	0
4223	G53	G20	0
4224	G53	G21	0
4225	G53	G22	0
4226	G53	G23	0
4227	G53	G24	0
4228	G53	G25	0
4229	G53	G26	0
4230	G53	G27	0
4231	G53	G28	0
4232	G53	G29	0
4233	G53	G30	0
4234	G53	G31	0
4235	G53	G32	0
4236	G53	G33	0
4237	G53	G34	0
4238	G53	G35	0
4239	G53	G36	0
4240	G53	G37	0
4241	G53	G38	0
4242	G53	G39	0
4243	G53	G40	0
4244	G53	G41	0
4245	G53	G42	0
4246	G53	G43	0
4247	G53	G44	0
4248	G53	G45	0
4249	G53	G46	0
4250	G53	G47	0
4251	G53	G48	0
4252	G53	G49	0
4253	G53	G50	0
4254	G53	G51	0
4255	G53	G52	0
4256	G53	G54	0
4257	G53	G55	0
4258	G53	G56	0
4259	G53	G57	0
4260	G53	G58	0
4261	G53	G59	0
4262	G53	G60	0
4263	G53	G61	0
4264	G53	G62	0
4265	G53	G63	0
4266	G53	G64	0
4267	G53	G65	0
4268	G53	G66	0
4269	G53	G67	0
4270	G53	G68	0
4271	G53	G69	0
4272	G53	G70	0
4273	G53	G71	0
4274	G53	G72	0
4275	G53	G73	0
4276	G53	G74	0
4277	G53	G75	0
4278	G53	G76	0
4279	G53	G77	0
4280	G53	G78	0
4281	G53	G79	0
4282	G53	G80	0
4283	G54	G1	0
4284	G54	G2	0
4285	G54	G3	0
4286	G54	G4	0
4287	G54	G5	0
4288	G54	G6	0
4289	G54	G7	0
4290	G54	G8	0
4291	G54	G9	0
4292	G54	G10	0
4293	G54	G11	0
4294	G54	G12	0
4295	G54	G13	0
4296	G54	G14	0
4297	G54	G15	0
4298	G54	G16	0
4299	G54	G17	0
4300	G54	G18	0
4301	G54	G19	0
4302	G54	G21	0
4303	G54	G22	0
4304	G54	G23	0
4305	G54	G24	0
4306	G54	G25	0
4307	G54	G26	0
4308	G54	G27	0
4309	G54	G29	0
4310	G54	G30	0
4311	G54	G32	0
4312	G54	G33	0
4313	G54	G34	0
4314	G54	G35	0
4315	G54	G36	0
4316	G54	G37	0
4317	G54	G38	0
4318	G54	G39	0
4319	G54	G40	0
4320	G54	G41	0
4321	G54	G42	0
4322	G54	G43	0
4323	G54	G44	0
4324	G54	G48	0
4325	G54	G52	0
4326	G54	G60	0
4327	G54	G67	0
4328	G54	G70	0
4329	G54	G79	0
4330	G54	G80	0
4331	G55	G1	0
4332	G55	G2	0
4333	G55	G3	0
4334	G55	G4	0
4335	G55	G5	0
4336	G55	G6	0
4337	G55	G7	0
4338	G55	G8	0
4339	G55	G9	0
4340	G55	G10	0
4341	G55	G11	0
4342	G55	G12	0
4343	G55	G13	0
4344	G55	G14	0
4345	G55	G15	0
4346	G55	G16	0
4347	G55	G17	0
4348	G55	G18	0
4349	G55	G19	0
4350	G55	G20	0
4351	G55	G21	0
4352	G55	G22	0
4353	G55	G23	0
4354	G55	G24	0
4355	G55	G25	0
4356	G55	G26	0
4357	G55	G27	0
4358	G55	G28	0
4359	G55	G29	0
4360	G55	G30	0
4361	G55	G31	0
4362	G55	G32	0
4363	G55	G33	0
4364	G55	G34	0
4365	G55	G35	0
4366	G55	G36	0
4367	G55	G37	0
4368	G55	G38	0
4369	G55	G39	0
4370	G55	G40	0
4371	G55	G41	0
4372	G55	G42	0
4373	G55	G43	0
4374	G55	G44	0
4375	G55	G45	0
4376	G55	G46	0
4377	G55	G47	0
4378	G55	G48	0
4379	G55	G49	0
4380	G55	G50	0
4381	G55	G51	0
4382	G55	G52	0
4383	G55	G53	0
4384	G55	G54	0
4385	G55	G56	0
4386	G55	G57	0
4387	G55	G58	0
4388	G55	G59	0
4389	G55	G60	0
4390	G55	G61	0
4391	G55	G62	0
4392	G55	G63	0
4393	G55	G64	0
4394	G55	G65	0
4395	G55	G66	0
4396	G55	G67	0
4397	G55	G68	0
4398	G55	G69	0
4399	G55	G70	0
4400	G55	G71	0
4401	G55	G72	0
4402	G55	G73	0
4403	G55	G74	0
4404	G55	G75	0
4405	G55	G76	0
4406	G55	G77	0
4407	G55	G78	0
4408	G55	G79	0
4409	G55	G80	0
4410	G56	G1	0
4411	G56	G2	0
4412	G56	G3	0
4413	G56	G4	0
4414	G56	G5	0
4415	G56	G6	0
4416	G56	G7	0
4417	G56	G8	0
4418	G56	G9	0
4419	G56	G10	0
4420	G56	G11	0
4421	G56	G12	0
4422	G56	G13	0
4423	G56	G14	0
4424	G56	G15	0
4425	G56	G16	0
4426	G56	G17	0
4427	G56	G18	0
4428	G56	G19	0
4429	G56	G20	0
4430	G56	G21	0
4431	G56	G22	0
4432	G56	G23	0
4433	G56	G24	0
4434	G56	G25	0
4435	G56	G26	0
4436	G56	G27	0
4437	G56	G28	0
4438	G56	G29	0
4439	G56	G30	0
4440	G56	G31	0
4441	G56	G32	0
4442	G56	G33	0
4443	G56	G34	0
4444	G56	G35	0
4445	G56	G36	0
4446	G56	G37	0
4447	G56	G38	0
4448	G56	G39	0
4449	G56	G40	0
4450	G56	G41	0
4451	G56	G42	0
4452	G56	G43	0
4453	G56	G44	0
4454	G56	G45	0
4455	G56	G46	0
4456	G56	G47	0
4457	G56	G48	0
4458	G56	G49	0
4459	G56	G50	0
4460	G56	G51	0
4461	G56	G52	0
4462	G56	G53	0
4463	G56	G54	0
4464	G56	G55	0
4465	G56	G57	0
4466	G56	G58	0
4467	G56	G59	0
4468	G56	G60	0
4469	G56	G61	0
4470	G56	G62	0
4471	G56	G63	0
4472	G56	G64	0
4473	G56	G65	0
4474	G56	G66	0
4475	G56	G67	0
4476	G56	G68	0
4477	G56	G69	0
4478	G56	G70	0
4479	G56	G71	0
4480	G56	G72	0
4481	G56	G73	0
4482	G56	G74	0
4483	G56	G75	0
4484	G56	G76	0
4485	G56	G77	0
4486	G56	G78	0
4487	G56	G79	0
4488	G56	G80	0
4489	G57	G1	0
4490	G57	G2	0
4491	G57	G3	0
4492	G57	G4	0
4493	G57	G5	0
4494	G57	G6	0
4495	G57	G7	0
4496	G57	G8	0
4497	G57	G9	0
4498	G57	G10	0
4499	G57	G11	0
4500	G57	G12	0
4501	G57	G13	0
4502	G57	G14	0
4503	G57	G15	0
4504	G57	G16	0
4505	G57	G17	0
4506	G57	G18	0
4507	G57	G19	0
4508	G57	G20	0
4509	G57	G21	0
4510	G57	G22	0
4511	G57	G23	0
4512	G57	G24	0
4513	G57	G25	0
4514	G57	G26	0
4515	G57	G27	0
4516	G57	G28	0
4517	G57	G29	0
4518	G57	G30	0
4519	G57	G31	0
4520	G57	G32	0
4521	G57	G33	0
4522	G57	G34	0
4523	G57	G35	0
4524	G57	G36	0
4525	G57	G37	0
4526	G57	G38	0
4527	G57	G39	0
4528	G57	G40	0
4529	G57	G41	0
4530	G57	G42	0
4531	G57	G43	0
4532	G57	G44	0
4533	G57	G45	0
4534	G57	G46	0
4535	G57	G47	0
4536	G57	G48	0
4537	G57	G49	0
4538	G57	G50	0
4539	G57	G51	0
4540	G57	G52	0
4541	G57	G53	0
4542	G57	G54	0
4543	G57	G55	0
4544	G57	G56	0
4545	G57	G58	0
4546	G57	G59	0
4547	G57	G60	0
4548	G57	G61	0
4549	G57	G62	0
4550	G57	G63	0
4551	G57	G64	0
4552	G57	G65	0
4553	G57	G66	0
4554	G57	G67	0
4555	G57	G68	0
4556	G57	G69	0
4557	G57	G70	0
4558	G57	G71	0
4559	G57	G72	0
4560	G57	G73	0
4561	G57	G74	0
4562	G57	G75	0
4563	G57	G76	0
4564	G57	G77	0
4565	G57	G78	0
4566	G57	G79	0
4567	G57	G80	0
4568	G58	G1	0
4569	G58	G2	0
4570	G58	G3	0
4571	G58	G4	0
4572	G58	G5	0
4573	G58	G6	0
4574	G58	G7	0
4575	G58	G8	0
4576	G58	G9	0
4577	G58	G10	0
4578	G58	G11	0
4579	G58	G12	0
4580	G58	G13	0
4581	G58	G14	0
4582	G58	G15	0
4583	G58	G16	0
4584	G58	G17	0
4585	G58	G18	0
4586	G58	G19	0
4587	G58	G20	0
4588	G58	G21	0
4589	G58	G22	0
4590	G58	G23	0
4591	G58	G24	0
4592	G58	G25	0
4593	G58	G26	0
4594	G58	G27	0
4595	G58	G28	0
4596	G58	G29	0
4597	G58	G30	0
4598	G58	G31	0
4599	G58	G32	0
4600	G58	G33	0
4601	G58	G34	0
4602	G58	G35	0
4603	G58	G36	0
4604	G58	G37	0
4605	G58	G38	0
4606	G58	G39	0
4607	G58	G40	0
4608	G58	G41	0
4609	G58	G42	0
4610	G58	G43	0
4611	G58	G44	0
4612	G58	G45	0
4613	G58	G46	0
4614	G58	G47	0
4615	G58	G48	0
4616	G58	G49	0
4617	G58	G50	0
4618	G58	G51	0
4619	G58	G52	0
4620	G58	G53	0
4621	G58	G54	0
4622	G58	G55	0
4623	G58	G56	0
4624	G58	G57	0
4625	G58	G59	0
4626	G58	G60	0
4627	G58	G61	0
4628	G58	G62	0
4629	G58	G63	0
4630	G58	G64	0
4631	G58	G65	0
4632	G58	G66	0
4633	G58	G67	0
4634	G58	G68	0
4635	G58	G69	0
4636	G58	G70	0
4637	G58	G71	0
4638	G58	G72	0
4639	G58	G73	0
4640	G58	G74	0
4641	G58	G75	0
4642	G58	G76	0
4643	G58	G77	0
4644	G58	G78	0
4645	G58	G79	0
4646	G58	G80	0
4647	G59	G1	0
4648	G59	G2	0
4649	G59	G3	0
4650	G59	G4	0
4651	G59	G5	0
4652	G59	G6	0
4653	G59	G7	0
4654	G59	G8	0
4655	G59	G9	0
4656	G59	G10	0
4657	G59	G11	0
4658	G59	G12	0
4659	G59	G13	0
4660	G59	G14	0
4661	G59	G15	0
4662	G59	G16	0
4663	G59	G17	0
4664	G59	G18	0
4665	G59	G19	0
4666	G59	G20	0
4667	G59	G21	0
4668	G59	G22	0
4669	G59	G23	0
4670	G59	G24	0
4671	G59	G25	0
4672	G59	G26	0
4673	G59	G27	0
4674	G59	G28	0
4675	G59	G29	0
4676	G59	G30	0
4677	G59	G31	0
4678	G59	G32	0
4679	G59	G33	0
4680	G59	G34	0
4681	G59	G35	0
4682	G59	G36	0
4683	G59	G37	0
4684	G59	G38	0
4685	G59	G39	0
4686	G59	G40	0
4687	G59	G41	0
4688	G59	G42	0
4689	G59	G43	0
4690	G59	G44	0
4691	G59	G45	0
4692	G59	G46	0
4693	G59	G47	0
4694	G59	G48	0
4695	G59	G49	0
4696	G59	G50	0
4697	G59	G51	0
4698	G59	G52	0
4699	G59	G53	0
4700	G59	G54	0
4701	G59	G55	0
4702	G59	G56	0
4703	G59	G57	0
4704	G59	G58	0
4705	G59	G60	0
4706	G59	G61	0
4707	G59	G62	0
4708	G59	G63	0
4709	G59	G64	0
4710	G59	G65	0
4711	G59	G66	0
4712	G59	G67	0
4713	G59	G68	0
4714	G59	G69	0
4715	G59	G70	0
4716	G59	G71	0
4717	G59	G72	0
4718	G59	G73	0
4719	G59	G74	0
4720	G59	G75	0
4721	G59	G76	0
4722	G59	G77	0
4723	G59	G78	0
4724	G59	G79	0
4725	G59	G80	0
4726	G60	G1	0
4727	G60	G2	0
4728	G60	G3	0
4729	G60	G4	0
4730	G60	G5	0
4731	G60	G6	0
4732	G60	G7	0
4733	G60	G8	0
4734	G60	G9	0
4735	G60	G10	0
4736	G60	G11	0
4737	G60	G12	0
4738	G60	G13	0
4739	G60	G14	0
4740	G60	G15	0
4741	G60	G16	0
4742	G60	G17	0
4743	G60	G18	0
4744	G60	G19	0
4745	G60	G20	0
4746	G60	G21	0
4747	G60	G22	0
4748	G60	G23	0
4749	G60	G24	0
4750	G60	G25	0
4751	G60	G26	0
4752	G60	G27	0
4753	G60	G28	0
4754	G60	G29	0
4755	G60	G30	0
4756	G60	G31	0
4757	G60	G32	0
4758	G60	G33	0
4759	G60	G34	0
4760	G60	G35	0
4761	G60	G36	0
4762	G60	G37	0
4763	G60	G38	0
4764	G60	G39	0
4765	G60	G40	0
4766	G60	G41	0
4767	G60	G42	0
4768	G60	G43	0
4769	G60	G44	0
4770	G60	G45	0
4771	G60	G46	0
4772	G60	G47	0
4773	G60	G48	0
4774	G60	G49	0
4775	G60	G50	0
4776	G60	G51	0
4777	G60	G52	0
4778	G60	G67	0
4779	G60	G70	0
4780	G60	G72	0
4781	G60	G73	0
4782	G60	G74	0
4783	G60	G75	0
4784	G60	G76	0
4785	G60	G77	0
4786	G60	G78	0
4787	G60	G79	0
4788	G60	G80	0
4789	G61	G1	0
4790	G61	G2	0
4791	G61	G3	0
4792	G61	G4	0
4793	G61	G5	0
4794	G61	G6	0
4795	G61	G7	0
4796	G61	G8	0
4797	G61	G9	0
4798	G61	G10	0
4799	G61	G11	0
4800	G61	G12	0
4801	G61	G13	0
4802	G61	G14	0
4803	G61	G15	0
4804	G61	G16	0
4805	G61	G17	0
4806	G61	G18	0
4807	G61	G19	0
4808	G61	G20	0
4809	G61	G21	0
4810	G61	G22	0
4811	G61	G23	0
4812	G61	G24	0
4813	G61	G25	0
4814	G61	G26	0
4815	G61	G27	0
4816	G61	G28	0
4817	G61	G29	0
4818	G61	G30	0
4819	G61	G31	0
4820	G61	G32	0
4821	G61	G33	0
4822	G61	G34	0
4823	G61	G35	0
4824	G61	G36	0
4825	G61	G37	0
4826	G61	G38	0
4827	G61	G39	0
4828	G61	G40	0
4829	G61	G41	0
4830	G61	G42	0
4831	G61	G43	0
4832	G61	G44	0
4833	G61	G45	0
4834	G61	G46	0
4835	G61	G47	0
4836	G61	G48	0
4837	G61	G49	0
4838	G61	G50	0
4839	G61	G51	0
4840	G61	G52	0
4841	G61	G53	0
4842	G61	G54	0
4843	G61	G55	0
4844	G61	G56	0
4845	G61	G57	0
4846	G61	G58	0
4847	G61	G59	0
4848	G61	G60	0
4849	G61	G62	0
4850	G61	G63	0
4851	G61	G64	0
4852	G61	G65	0
4853	G61	G66	0
4854	G61	G67	0
4855	G61	G68	0
4856	G61	G69	0
4857	G61	G70	0
4858	G61	G71	0
4859	G61	G72	0
4860	G61	G73	0
4861	G61	G74	0
4862	G61	G75	0
4863	G61	G76	0
4864	G61	G77	0
4865	G61	G78	0
4866	G61	G79	0
4867	G61	G80	0
4868	G62	G1	0
4869	G62	G2	0
4870	G62	G3	0
4871	G62	G4	0
4872	G62	G5	0
4873	G62	G6	0
4874	G62	G7	0
4875	G62	G8	0
4876	G62	G9	0
4877	G62	G10	0
4878	G62	G11	0
4879	G62	G12	0
4880	G62	G13	0
4881	G62	G14	0
4882	G62	G15	0
4883	G62	G16	0
4884	G62	G17	0
4885	G62	G18	0
4886	G62	G19	0
4887	G62	G20	0
4888	G62	G21	0
4889	G62	G22	0
4890	G62	G23	0
4891	G62	G24	0
4892	G62	G25	0
4893	G62	G26	0
4894	G62	G27	0
4895	G62	G28	0
4896	G62	G29	0
4897	G62	G30	0
4898	G62	G31	0
4899	G62	G32	0
4900	G62	G33	0
4901	G62	G34	0
4902	G62	G35	0
4903	G62	G36	0
4904	G62	G37	0
4905	G62	G38	0
4906	G62	G39	0
4907	G62	G40	0
4908	G62	G41	0
4909	G62	G42	0
4910	G62	G43	0
4911	G62	G44	0
4912	G62	G45	0
4913	G62	G46	0
4914	G62	G47	0
4915	G62	G48	0
4916	G62	G49	0
4917	G62	G50	0
4918	G62	G51	0
4919	G62	G52	0
4920	G62	G53	0
4921	G62	G54	0
4922	G62	G55	0
4923	G62	G56	0
4924	G62	G57	0
4925	G62	G58	0
4926	G62	G59	0
4927	G62	G60	0
4928	G62	G61	0
4929	G62	G63	0
4930	G62	G64	0
4931	G62	G65	0
4932	G62	G66	0
4933	G62	G67	0
4934	G62	G68	0
4935	G62	G69	0
4936	G62	G70	0
4937	G62	G71	0
4938	G62	G72	0
4939	G62	G73	0
4940	G62	G74	0
4941	G62	G75	0
4942	G62	G76	0
4943	G62	G77	0
4944	G62	G78	0
4945	G62	G79	0
4946	G62	G80	0
4947	G63	G1	0
4948	G63	G2	0
4949	G63	G3	0
4950	G63	G4	0
4951	G63	G5	0
4952	G63	G6	0
4953	G63	G7	0
4954	G63	G8	0
4955	G63	G9	0
4956	G63	G10	0
4957	G63	G11	0
4958	G63	G12	0
4959	G63	G13	0
4960	G63	G14	0
4961	G63	G15	0
4962	G63	G16	0
4963	G63	G17	0
4964	G63	G18	0
4965	G63	G19	0
4966	G63	G20	0
4967	G63	G21	0
4968	G63	G22	0
4969	G63	G23	0
4970	G63	G24	0
4971	G63	G25	0
4972	G63	G26	0
4973	G63	G27	0
4974	G63	G28	0
4975	G63	G29	0
4976	G63	G30	0
4977	G63	G31	0
4978	G63	G32	0
4979	G63	G33	0
4980	G63	G34	0
4981	G63	G35	0
4982	G63	G36	0
4983	G63	G37	0
4984	G63	G38	0
4985	G63	G39	0
4986	G63	G40	0
4987	G63	G41	0
4988	G63	G42	0
4989	G63	G43	0
4990	G63	G44	0
4991	G63	G45	0
4992	G63	G46	0
4993	G63	G47	0
4994	G63	G48	0
4995	G63	G49	0
4996	G63	G50	0
4997	G63	G51	0
4998	G63	G52	0
4999	G63	G53	0
5000	G63	G54	0
5001	G63	G55	0
5002	G63	G56	0
5003	G63	G57	0
5004	G63	G58	0
5005	G63	G59	0
5006	G63	G60	0
5007	G63	G61	0
5008	G63	G62	0
5009	G63	G64	0
5010	G63	G65	0
5011	G63	G66	0
5012	G63	G67	0
5013	G63	G68	0
5014	G63	G69	0
5015	G63	G70	0
5016	G63	G71	0
5017	G63	G72	0
5018	G63	G73	0
5019	G63	G74	0
5020	G63	G75	0
5021	G63	G76	0
5022	G63	G77	0
5023	G63	G78	0
5024	G63	G79	0
5025	G63	G80	0
5026	G64	G1	0
5027	G64	G2	0
5028	G64	G3	0
5029	G64	G4	0
5030	G64	G5	0
5031	G64	G6	0
5032	G64	G7	0
5033	G64	G8	0
5034	G64	G9	0
5035	G64	G10	0
5036	G64	G11	0
5037	G64	G12	0
5038	G64	G13	0
5039	G64	G14	0
5040	G64	G15	0
5041	G64	G16	0
5042	G64	G17	0
5043	G64	G18	0
5044	G64	G19	0
5045	G64	G20	0
5046	G64	G21	0
5047	G64	G22	0
5048	G64	G23	0
5049	G64	G24	0
5050	G64	G25	0
5051	G64	G26	0
5052	G64	G27	0
5053	G64	G28	0
5054	G64	G29	0
5055	G64	G30	0
5056	G64	G31	0
5057	G64	G32	0
5058	G64	G33	0
5059	G64	G34	0
5060	G64	G35	0
5061	G64	G36	0
5062	G64	G37	0
5063	G64	G38	0
5064	G64	G39	0
5065	G64	G40	0
5066	G64	G41	0
5067	G64	G42	0
5068	G64	G43	0
5069	G64	G44	0
5070	G64	G45	0
5071	G64	G46	0
5072	G64	G47	0
5073	G64	G48	0
5074	G64	G49	0
5075	G64	G50	0
5076	G64	G51	0
5077	G64	G52	0
5078	G64	G53	0
5079	G64	G54	0
5080	G64	G55	0
5081	G64	G56	0
5082	G64	G57	0
5083	G64	G58	0
5084	G64	G59	0
5085	G64	G60	0
5086	G64	G61	0
5087	G64	G62	0
5088	G64	G63	0
5089	G64	G65	0
5090	G64	G66	0
5091	G64	G67	0
5092	G64	G68	0
5093	G64	G69	0
5094	G64	G70	0
5095	G64	G71	0
5096	G64	G72	0
5097	G64	G73	0
5098	G64	G74	0
5099	G64	G75	0
5100	G64	G76	0
5101	G64	G77	0
5102	G64	G78	0
5103	G64	G79	0
5104	G64	G80	0
5105	G65	G1	0
5106	G65	G2	0
5107	G65	G3	0
5108	G65	G4	0
5109	G65	G5	0
5110	G65	G6	0
5111	G65	G7	0
5112	G65	G8	0
5113	G65	G9	0
5114	G65	G10	0
5115	G65	G11	0
5116	G65	G12	0
5117	G65	G13	0
5118	G65	G14	0
5119	G65	G15	0
5120	G65	G16	0
5121	G65	G17	0
5122	G65	G18	0
5123	G65	G19	0
5124	G65	G20	0
5125	G65	G21	0
5126	G65	G22	0
5127	G65	G23	0
5128	G65	G24	0
5129	G65	G25	0
5130	G65	G26	0
5131	G65	G27	0
5132	G65	G28	0
5133	G65	G29	0
5134	G65	G30	0
5135	G65	G31	0
5136	G65	G32	0
5137	G65	G33	0
5138	G65	G34	0
5139	G65	G35	0
5140	G65	G36	0
5141	G65	G37	0
5142	G65	G38	0
5143	G65	G39	0
5144	G65	G40	0
5145	G65	G41	0
5146	G65	G42	0
5147	G65	G43	0
5148	G65	G44	0
5149	G65	G45	0
5150	G65	G46	0
5151	G65	G47	0
5152	G65	G48	0
5153	G65	G49	0
5154	G65	G50	0
5155	G65	G51	0
5156	G65	G52	0
5157	G65	G53	0
5158	G65	G54	0
5159	G65	G55	0
5160	G65	G56	0
5161	G65	G57	0
5162	G65	G58	0
5163	G65	G59	0
5164	G65	G60	0
5165	G65	G61	0
5166	G65	G62	0
5167	G65	G63	0
5168	G65	G64	0
5169	G65	G66	0
5170	G65	G67	0
5171	G65	G68	0
5172	G65	G69	0
5173	G65	G70	0
5174	G65	G71	0
5175	G65	G72	0
5176	G65	G73	0
5177	G65	G74	0
5178	G65	G75	0
5179	G65	G76	0
5180	G65	G77	0
5181	G65	G78	0
5182	G65	G79	0
5183	G65	G80	0
5184	G66	G1	0
5185	G66	G2	0
5186	G66	G3	0
5187	G66	G4	0
5188	G66	G5	0
5189	G66	G6	0
5190	G66	G7	0
5191	G66	G8	0
5192	G66	G9	0
5193	G66	G10	0
5194	G66	G11	0
5195	G66	G12	0
5196	G66	G13	0
5197	G66	G14	0
5198	G66	G15	0
5199	G66	G16	0
5200	G66	G17	0
5201	G66	G18	0
5202	G66	G19	0
5203	G66	G20	0
5204	G66	G21	0
5205	G66	G22	0
5206	G66	G23	0
5207	G66	G24	0
5208	G66	G25	0
5209	G66	G26	0
5210	G66	G27	0
5211	G66	G28	0
5212	G66	G29	0
5213	G66	G30	0
5214	G66	G31	0
5215	G66	G32	0
5216	G66	G33	0
5217	G66	G34	0
5218	G66	G35	0
5219	G66	G36	0
5220	G66	G37	0
5221	G66	G38	0
5222	G66	G39	0
5223	G66	G40	0
5224	G66	G41	0
5225	G66	G42	0
5226	G66	G43	0
5227	G66	G44	0
5228	G66	G45	0
5229	G66	G46	0
5230	G66	G47	0
5231	G66	G48	0
5232	G66	G49	0
5233	G66	G50	0
5234	G66	G51	0
5235	G66	G52	0
5236	G66	G53	0
5237	G66	G54	0
5238	G66	G55	0
5239	G66	G56	0
5240	G66	G57	0
5241	G66	G58	0
5242	G66	G59	0
5243	G66	G60	0
5244	G66	G61	0
5245	G66	G62	0
5246	G66	G63	0
5247	G66	G64	0
5248	G66	G65	0
5249	G66	G67	0
5250	G66	G68	0
5251	G66	G69	0
5252	G66	G70	0
5253	G66	G71	0
5254	G66	G72	0
5255	G66	G73	0
5256	G66	G74	0
5257	G66	G75	0
5258	G66	G76	0
5259	G66	G77	0
5260	G66	G78	0
5261	G66	G79	0
5262	G66	G80	0
5263	G67	G1	0
5264	G67	G2	0
5265	G67	G3	0
5266	G67	G4	0
5267	G67	G5	0
5268	G67	G6	0
5269	G67	G7	0
5270	G67	G8	0
5271	G67	G9	0
5272	G67	G10	0
5273	G67	G11	0
5274	G67	G12	0
5275	G67	G13	0
5276	G67	G14	0
5277	G67	G15	0
5278	G67	G16	0
5279	G67	G17	0
5280	G67	G18	0
5281	G67	G19	0
5282	G67	G20	0
5283	G67	G21	0
5284	G67	G22	0
5285	G67	G23	0
5286	G67	G24	0
5287	G67	G25	0
5288	G67	G26	0
5289	G67	G27	0
5290	G67	G28	0
5291	G67	G29	0
5292	G67	G30	0
5293	G67	G31	0
5294	G67	G32	0
5295	G67	G33	0
5296	G67	G34	0
5297	G67	G35	0
5298	G67	G36	0
5299	G67	G37	0
5300	G67	G38	0
5301	G67	G39	0
5302	G67	G40	0
5303	G67	G41	0
5304	G67	G42	0
5305	G67	G43	0
5306	G67	G44	0
5307	G67	G45	0
5308	G67	G46	0
5309	G67	G47	0
5310	G67	G48	0
5311	G67	G49	0
5312	G67	G50	0
5313	G67	G51	0
5314	G67	G52	0
5315	G67	G54	0
5316	G67	G60	0
5317	G67	G70	0
5318	G68	G1	0
5319	G68	G2	0
5320	G68	G3	0
5321	G68	G4	0
5322	G68	G5	0
5323	G68	G6	0
5324	G68	G7	0
5325	G68	G8	0
5326	G68	G9	0
5327	G68	G10	0
5328	G68	G11	0
5329	G68	G12	0
5330	G68	G13	0
5331	G68	G14	0
5332	G68	G15	0
5333	G68	G16	0
5334	G68	G17	0
5335	G68	G18	0
5336	G68	G19	0
5337	G68	G20	0
5338	G68	G21	0
5339	G68	G22	0
5340	G68	G23	0
5341	G68	G24	0
5342	G68	G25	0
5343	G68	G26	0
5344	G68	G27	0
5345	G68	G28	0
5346	G68	G29	0
5347	G68	G30	0
5348	G68	G31	0
5349	G68	G32	0
5350	G68	G33	0
5351	G68	G34	0
5352	G68	G35	0
5353	G68	G36	0
5354	G68	G37	0
5355	G68	G38	0
5356	G68	G39	0
5357	G68	G40	0
5358	G68	G41	0
5359	G68	G42	0
5360	G68	G43	0
5361	G68	G44	0
5362	G68	G45	0
5363	G68	G46	0
5364	G68	G47	0
5365	G68	G48	0
5366	G68	G49	0
5367	G68	G50	0
5368	G68	G51	0
5369	G68	G52	0
5370	G68	G53	0
5371	G68	G54	0
5372	G68	G55	0
5373	G68	G56	0
5374	G68	G57	0
5375	G68	G58	0
5376	G68	G59	0
5377	G68	G60	0
5378	G68	G61	0
5379	G68	G62	0
5380	G68	G63	0
5381	G68	G64	0
5382	G68	G65	0
5383	G68	G66	0
5384	G68	G67	0
5385	G68	G69	0
5386	G68	G70	0
5387	G68	G71	0
5388	G68	G72	0
5389	G68	G73	0
5390	G68	G74	0
5391	G68	G75	0
5392	G68	G76	0
5393	G68	G77	0
5394	G68	G78	0
5395	G68	G79	0
5396	G68	G80	0
5397	G69	G1	0
5398	G69	G2	0
5399	G69	G3	0
5400	G69	G4	0
5401	G69	G5	0
5402	G69	G6	0
5403	G69	G7	0
5404	G69	G8	0
5405	G69	G9	0
5406	G69	G10	0
5407	G69	G11	0
5408	G69	G12	0
5409	G69	G13	0
5410	G69	G14	0
5411	G69	G15	0
5412	G69	G16	0
5413	G69	G17	0
5414	G69	G18	0
5415	G69	G19	0
5416	G69	G20	0
5417	G69	G21	0
5418	G69	G22	0
5419	G69	G23	0
5420	G69	G24	0
5421	G69	G25	0
5422	G69	G26	0
5423	G69	G27	0
5424	G69	G28	0
5425	G69	G29	0
5426	G69	G30	0
5427	G69	G31	0
5428	G69	G32	0
5429	G69	G33	0
5430	G69	G34	0
5431	G69	G35	0
5432	G69	G36	0
5433	G69	G37	0
5434	G69	G38	0
5435	G69	G39	0
5436	G69	G40	0
5437	G69	G41	0
5438	G69	G42	0
5439	G69	G43	0
5440	G69	G44	0
5441	G69	G45	0
5442	G69	G46	0
5443	G69	G47	0
5444	G69	G48	0
5445	G69	G49	0
5446	G69	G50	0
5447	G69	G51	0
5448	G69	G52	0
5449	G69	G53	0
5450	G69	G54	0
5451	G69	G55	0
5452	G69	G56	0
5453	G69	G57	0
5454	G69	G58	0
5455	G69	G59	0
5456	G69	G60	0
5457	G69	G61	0
5458	G69	G62	0
5459	G69	G63	0
5460	G69	G64	0
5461	G69	G65	0
5462	G69	G66	0
5463	G69	G67	0
5464	G69	G68	0
5465	G69	G70	0
5466	G69	G71	0
5467	G69	G72	0
5468	G69	G73	0
5469	G69	G74	0
5470	G69	G75	0
5471	G69	G76	0
5472	G69	G77	0
5473	G69	G78	0
5474	G69	G79	0
5475	G69	G80	0
5476	G70	G1	0
5477	G70	G2	0
5478	G70	G3	0
5479	G70	G4	0
5480	G70	G5	0
5481	G70	G6	0
5482	G70	G7	0
5483	G70	G8	0
5484	G70	G9	0
5485	G70	G10	0
5486	G70	G11	0
5487	G70	G12	0
5488	G70	G13	0
5489	G70	G14	0
5490	G70	G15	0
5491	G70	G16	0
5492	G70	G17	0
5493	G70	G18	0
5494	G70	G19	0
5495	G70	G20	0
5496	G70	G21	0
5497	G70	G22	0
5498	G70	G23	0
5499	G70	G24	0
5500	G70	G25	0
5501	G70	G26	0
5502	G70	G27	0
5503	G70	G28	0
5504	G70	G29	0
5505	G70	G30	0
5506	G70	G31	0
5507	G70	G32	0
5508	G70	G33	0
5509	G70	G34	0
5510	G70	G35	0
5511	G70	G36	0
5512	G70	G37	0
5513	G70	G38	0
5514	G70	G39	0
5515	G70	G40	0
5516	G70	G41	0
5517	G70	G42	0
5518	G70	G43	0
5519	G70	G44	0
5520	G70	G45	0
5521	G70	G46	0
5522	G70	G47	0
5523	G70	G48	0
5524	G70	G49	0
5525	G70	G50	0
5526	G70	G51	0
5527	G70	G52	0
5528	G70	G54	0
5529	G70	G60	0
5530	G70	G67	0
5531	G71	G1	0
5532	G71	G2	0
5533	G71	G3	0
5534	G71	G4	0
5535	G71	G5	0
5536	G71	G6	0
5537	G71	G7	0
5538	G71	G8	0
5539	G71	G9	0
5540	G71	G10	0
5541	G71	G11	0
5542	G71	G12	0
5543	G71	G13	0
5544	G71	G14	0
5545	G71	G15	0
5546	G71	G16	0
5547	G71	G17	0
5548	G71	G18	0
5549	G71	G19	0
5550	G71	G20	0
5551	G71	G21	0
5552	G71	G22	0
5553	G71	G23	0
5554	G71	G24	0
5555	G71	G25	0
5556	G71	G26	0
5557	G71	G27	0
5558	G71	G28	0
5559	G71	G29	0
5560	G71	G30	0
5561	G71	G31	0
5562	G71	G32	0
5563	G71	G33	0
5564	G71	G34	0
5565	G71	G35	0
5566	G71	G36	0
5567	G71	G37	0
5568	G71	G38	0
5569	G71	G39	0
5570	G71	G40	0
5571	G71	G41	0
5572	G71	G42	0
5573	G71	G43	0
5574	G71	G44	0
5575	G71	G45	0
5576	G71	G46	0
5577	G71	G47	0
5578	G71	G48	0
5579	G71	G49	0
5580	G71	G50	0
5581	G71	G51	0
5582	G71	G52	0
5583	G71	G53	0
5584	G71	G54	0
5585	G71	G55	0
5586	G71	G56	0
5587	G71	G57	0
5588	G71	G58	0
5589	G71	G59	0
5590	G71	G60	0
5591	G71	G61	0
5592	G71	G62	0
5593	G71	G63	0
5594	G71	G64	0
5595	G71	G65	0
5596	G71	G66	0
5597	G71	G67	0
5598	G71	G68	0
5599	G71	G69	0
5600	G71	G70	0
5601	G71	G72	0
5602	G71	G73	0
5603	G71	G74	0
5604	G71	G75	0
5605	G71	G76	0
5606	G71	G77	0
5607	G71	G78	0
5608	G71	G79	0
5609	G71	G80	0
5610	G72	G1	0
5611	G72	G2	0
5612	G72	G3	0
5613	G72	G4	0
5614	G72	G5	0
5615	G72	G6	0
5616	G72	G7	0
5617	G72	G8	0
5618	G72	G9	0
5619	G72	G10	0
5620	G72	G11	0
5621	G72	G12	0
5622	G72	G13	0
5623	G72	G14	0
5624	G72	G15	0
5625	G72	G16	0
5626	G72	G17	0
5627	G72	G18	0
5628	G72	G19	0
5629	G72	G20	0
5630	G72	G21	0
5631	G72	G22	0
5632	G72	G23	0
5633	G72	G24	0
5634	G72	G25	0
5635	G72	G26	0
5636	G72	G27	0
5637	G72	G28	0
5638	G72	G29	0
5639	G72	G30	0
5640	G72	G31	0
5641	G72	G32	0
5642	G72	G33	0
5643	G72	G34	0
5644	G72	G35	0
5645	G72	G36	0
5646	G72	G37	0
5647	G72	G38	0
5648	G72	G39	0
5649	G72	G40	0
5650	G72	G41	0
5651	G72	G42	0
5652	G72	G43	0
5653	G72	G44	0
5654	G72	G45	0
5655	G72	G46	0
5656	G72	G47	0
5657	G72	G48	0
5658	G72	G49	0
5659	G72	G50	0
5660	G72	G51	0
5661	G72	G52	0
5662	G72	G53	0
5663	G72	G54	0
5664	G72	G55	0
5665	G72	G56	0
5666	G72	G57	0
5667	G72	G58	0
5668	G72	G59	0
5669	G72	G60	0
5670	G72	G61	0
5671	G72	G62	0
5672	G72	G63	0
5673	G72	G64	0
5674	G72	G65	0
5675	G72	G66	0
5676	G72	G67	0
5677	G72	G68	0
5678	G72	G69	0
5679	G72	G70	0
5680	G72	G71	0
5681	G72	G73	0
5682	G72	G74	0
5683	G72	G75	0
5684	G72	G76	0
5685	G72	G77	0
5686	G72	G78	0
5687	G72	G79	0
5688	G72	G80	0
5689	G73	G1	0
5690	G73	G2	0
5691	G73	G3	0
5692	G73	G4	0
5693	G73	G5	0
5694	G73	G6	0
5695	G73	G7	0
5696	G73	G8	0
5697	G73	G9	0
5698	G73	G10	0
5699	G73	G11	0
5700	G73	G12	0
5701	G73	G13	0
5702	G73	G14	0
5703	G73	G15	0
5704	G73	G16	0
5705	G73	G17	0
5706	G73	G18	0
5707	G73	G19	0
5708	G73	G20	0
5709	G73	G21	0
5710	G73	G22	0
5711	G73	G23	0
5712	G73	G24	0
5713	G73	G25	0
5714	G73	G26	0
5715	G73	G27	0
5716	G73	G28	0
5717	G73	G29	0
5718	G73	G30	0
5719	G73	G31	0
5720	G73	G32	0
5721	G73	G33	0
5722	G73	G34	0
5723	G73	G35	0
5724	G73	G36	0
5725	G73	G37	0
5726	G73	G38	0
5727	G73	G39	0
5728	G73	G40	0
5729	G73	G41	0
5730	G73	G42	0
5731	G73	G43	0
5732	G73	G44	0
5733	G73	G45	0
5734	G73	G46	0
5735	G73	G47	0
5736	G73	G48	0
5737	G73	G49	0
5738	G73	G50	0
5739	G73	G51	0
5740	G73	G52	0
5741	G73	G53	0
5742	G73	G54	0
5743	G73	G55	0
5744	G73	G56	0
5745	G73	G57	0
5746	G73	G58	0
5747	G73	G59	0
5748	G73	G60	0
5749	G73	G61	0
5750	G73	G62	0
5751	G73	G63	0
5752	G73	G64	0
5753	G73	G65	0
5754	G73	G66	0
5755	G73	G67	0
5756	G73	G68	0
5757	G73	G69	0
5758	G73	G70	0
5759	G73	G71	0
5760	G73	G72	0
5761	G73	G74	0
5762	G73	G75	0
5763	G73	G76	0
5764	G73	G77	0
5765	G73	G78	0
5766	G73	G79	0
5767	G73	G80	0
5768	G74	G1	0
5769	G74	G2	0
5770	G74	G3	0
5771	G74	G4	0
5772	G74	G5	0
5773	G74	G6	0
5774	G74	G7	0
5775	G74	G8	0
5776	G74	G9	0
5777	G74	G10	0
5778	G74	G11	0
5779	G74	G12	0
5780	G74	G13	0
5781	G74	G14	0
5782	G74	G15	0
5783	G74	G16	0
5784	G74	G17	0
5785	G74	G18	0
5786	G74	G19	0
5787	G74	G20	0
5788	G74	G21	0
5789	G74	G22	0
5790	G74	G23	0
5791	G74	G24	0
5792	G74	G25	0
5793	G74	G26	0
5794	G74	G27	0
5795	G74	G28	0
5796	G74	G29	0
5797	G74	G30	0
5798	G74	G31	0
5799	G74	G32	0
5800	G74	G33	0
5801	G74	G34	0
5802	G74	G35	0
5803	G74	G36	0
5804	G74	G37	0
5805	G74	G38	0
5806	G74	G39	0
5807	G74	G40	0
5808	G74	G41	0
5809	G74	G42	0
5810	G74	G43	0
5811	G74	G44	0
5812	G74	G45	0
5813	G74	G46	0
5814	G74	G47	0
5815	G74	G48	0
5816	G74	G49	0
5817	G74	G50	0
5818	G74	G51	0
5819	G74	G52	0
5820	G74	G53	0
5821	G74	G54	0
5822	G74	G55	0
5823	G74	G56	0
5824	G74	G57	0
5825	G74	G58	0
5826	G74	G59	0
5827	G74	G60	0
5828	G74	G61	0
5829	G74	G62	0
5830	G74	G63	0
5831	G74	G64	0
5832	G74	G65	0
5833	G74	G66	0
5834	G74	G67	0
5835	G74	G68	0
5836	G74	G69	0
5837	G74	G70	0
5838	G74	G71	0
5839	G74	G72	0
5840	G74	G73	0
5841	G74	G75	0
5842	G74	G76	0
5843	G74	G77	0
5844	G74	G78	0
5845	G74	G79	0
5846	G74	G80	0
5847	G75	G1	0
5848	G75	G2	0
5849	G75	G3	0
5850	G75	G4	0
5851	G75	G5	0
5852	G75	G6	0
5853	G75	G7	0
5854	G75	G8	0
5855	G75	G9	0
5856	G75	G10	0
5857	G75	G11	0
5858	G75	G12	0
5859	G75	G13	0
5860	G75	G14	0
5861	G75	G15	0
5862	G75	G16	0
5863	G75	G17	0
5864	G75	G18	0
5865	G75	G19	0
5866	G75	G20	0
5867	G75	G21	0
5868	G75	G22	0
5869	G75	G23	0
5870	G75	G24	0
5871	G75	G25	0
5872	G75	G26	0
5873	G75	G27	0
5874	G75	G28	0
5875	G75	G29	0
5876	G75	G30	0
5877	G75	G31	0
5878	G75	G32	0
5879	G75	G33	0
5880	G75	G34	0
5881	G75	G35	0
5882	G75	G36	0
5883	G75	G37	0
5884	G75	G38	0
5885	G75	G39	0
5886	G75	G40	0
5887	G75	G41	0
5888	G75	G42	0
5889	G75	G43	0
5890	G75	G44	0
5891	G75	G45	0
5892	G75	G46	0
5893	G75	G47	0
5894	G75	G48	0
5895	G75	G49	0
5896	G75	G50	0
5897	G75	G51	0
5898	G75	G52	0
5899	G75	G53	0
5900	G75	G54	0
5901	G75	G55	0
5902	G75	G56	0
5903	G75	G57	0
5904	G75	G58	0
5905	G75	G59	0
5906	G75	G60	0
5907	G75	G61	0
5908	G75	G62	0
5909	G75	G63	0
5910	G75	G64	0
5911	G75	G65	0
5912	G75	G66	0
5913	G75	G67	0
5914	G75	G68	0
5915	G75	G69	0
5916	G75	G70	0
5917	G75	G71	0
5918	G75	G72	0
5919	G75	G73	0
5920	G75	G74	0
5921	G75	G76	0
5922	G75	G77	0
5923	G75	G78	0
5924	G75	G79	0
5925	G75	G80	0
5926	G76	G1	0
5927	G76	G2	0
5928	G76	G3	0
5929	G76	G4	0
5930	G76	G5	0
5931	G76	G6	0
5932	G76	G7	0
5933	G76	G8	0
5934	G76	G9	0
5935	G76	G10	0
5936	G76	G11	0
5937	G76	G12	0
5938	G76	G13	0
5939	G76	G14	0
5940	G76	G15	0
5941	G76	G16	0
5942	G76	G17	0
5943	G76	G18	0
5944	G76	G19	0
5945	G76	G20	0
5946	G76	G21	0
5947	G76	G22	0
5948	G76	G23	0
5949	G76	G24	0
5950	G76	G25	0
5951	G76	G26	0
5952	G76	G27	0
5953	G76	G28	0
5954	G76	G29	0
5955	G76	G30	0
5956	G76	G31	0
5957	G76	G32	0
5958	G76	G33	0
5959	G76	G34	0
5960	G76	G35	0
5961	G76	G36	0
5962	G76	G37	0
5963	G76	G38	0
5964	G76	G39	0
5965	G76	G40	0
5966	G76	G41	0
5967	G76	G42	0
5968	G76	G43	0
5969	G76	G44	0
5970	G76	G45	0
5971	G76	G46	0
5972	G76	G47	0
5973	G76	G48	0
5974	G76	G49	0
5975	G76	G50	0
5976	G76	G51	0
5977	G76	G52	0
5978	G76	G53	0
5979	G76	G54	0
5980	G76	G55	0
5981	G76	G56	0
5982	G76	G57	0
5983	G76	G58	0
5984	G76	G59	0
5985	G76	G60	0
5986	G76	G61	0
5987	G76	G62	0
5988	G76	G63	0
5989	G76	G64	0
5990	G76	G65	0
5991	G76	G66	0
5992	G76	G67	0
5993	G76	G68	0
5994	G76	G69	0
5995	G76	G70	0
5996	G76	G71	0
5997	G76	G72	0
5998	G76	G73	0
5999	G76	G74	0
6000	G76	G75	0
6001	G76	G77	0
6002	G76	G78	0
6003	G76	G79	0
6004	G76	G80	0
6005	G77	G1	0
6006	G77	G2	0
6007	G77	G3	0
6008	G77	G4	0
6009	G77	G5	0
6010	G77	G6	0
6011	G77	G7	0
6012	G77	G8	0
6013	G77	G9	0
6014	G77	G10	0
6015	G77	G11	0
6016	G77	G12	0
6017	G77	G13	0
6018	G77	G14	0
6019	G77	G15	0
6020	G77	G16	0
6021	G77	G17	0
6022	G77	G18	0
6023	G77	G19	0
6024	G77	G20	0
6025	G77	G21	0
6026	G77	G22	0
6027	G77	G23	0
6028	G77	G24	0
6029	G77	G25	0
6030	G77	G26	0
6031	G77	G27	0
6032	G77	G28	0
6033	G77	G29	0
6034	G77	G30	0
6035	G77	G31	0
6036	G77	G32	0
6037	G77	G33	0
6038	G77	G34	0
6039	G77	G35	0
6040	G77	G36	0
6041	G77	G37	0
6042	G77	G38	0
6043	G77	G39	0
6044	G77	G40	0
6045	G77	G41	0
6046	G77	G42	0
6047	G77	G43	0
6048	G77	G44	0
6049	G77	G45	0
6050	G77	G46	0
6051	G77	G47	0
6052	G77	G48	0
6053	G77	G49	0
6054	G77	G50	0
6055	G77	G51	0
6056	G77	G52	0
6057	G77	G53	0
6058	G77	G54	0
6059	G77	G55	0
6060	G77	G56	0
6061	G77	G57	0
6062	G77	G58	0
6063	G77	G59	0
6064	G77	G60	0
6065	G77	G61	0
6066	G77	G62	0
6067	G77	G63	0
6068	G77	G64	0
6069	G77	G65	0
6070	G77	G66	0
6071	G77	G67	0
6072	G77	G68	0
6073	G77	G69	0
6074	G77	G70	0
6075	G77	G71	0
6076	G77	G72	0
6077	G77	G73	0
6078	G77	G74	0
6079	G77	G75	0
6080	G77	G76	0
6081	G77	G78	0
6082	G77	G79	0
6083	G77	G80	0
6084	G78	G1	0
6085	G78	G2	0
6086	G78	G3	0
6087	G78	G4	0
6088	G78	G5	0
6089	G78	G6	0
6090	G78	G7	0
6091	G78	G8	0
6092	G78	G9	0
6093	G78	G10	0
6094	G78	G11	0
6095	G78	G12	0
6096	G78	G13	0
6097	G78	G14	0
6098	G78	G15	0
6099	G78	G16	0
6100	G78	G17	0
6101	G78	G18	0
6102	G78	G19	0
6103	G78	G20	0
6104	G78	G21	0
6105	G78	G22	0
6106	G78	G23	0
6107	G78	G24	0
6108	G78	G25	0
6109	G78	G26	0
6110	G78	G27	0
6111	G78	G28	0
6112	G78	G29	0
6113	G78	G30	0
6114	G78	G31	0
6115	G78	G32	0
6116	G78	G33	0
6117	G78	G34	0
6118	G78	G35	0
6119	G78	G36	0
6120	G78	G37	0
6121	G78	G38	0
6122	G78	G39	0
6123	G78	G40	0
6124	G78	G41	0
6125	G78	G42	0
6126	G78	G43	0
6127	G78	G44	0
6128	G78	G45	0
6129	G78	G46	0
6130	G78	G47	0
6131	G78	G48	0
6132	G78	G49	0
6133	G78	G50	0
6134	G78	G51	0
6135	G78	G52	0
6136	G78	G53	0
6137	G78	G54	0
6138	G78	G55	0
6139	G78	G56	0
6140	G78	G57	0
6141	G78	G58	0
6142	G78	G59	0
6143	G78	G60	0
6144	G78	G61	0
6145	G78	G62	0
6146	G78	G63	0
6147	G78	G64	0
6148	G78	G65	0
6149	G78	G66	0
6150	G78	G67	0
6151	G78	G68	0
6152	G78	G69	0
6153	G78	G70	0
6154	G78	G71	0
6155	G78	G72	0
6156	G78	G73	0
6157	G78	G74	0
6158	G78	G75	0
6159	G78	G76	0
6160	G78	G77	0
6161	G78	G79	0
6162	G78	G80	0
6163	G79	G1	0
6164	G79	G2	0
6165	G79	G3	0
6166	G79	G4	0
6167	G79	G5	0
6168	G79	G6	0
6169	G79	G7	0
6170	G79	G8	0
6171	G79	G9	0
6172	G79	G10	0
6173	G79	G11	0
6174	G79	G12	0
6175	G79	G13	0
6176	G79	G14	0
6177	G79	G15	0
6178	G79	G16	0
6179	G79	G17	0
6180	G79	G18	0
6181	G79	G19	0
6182	G79	G20	0
6183	G79	G21	0
6184	G79	G22	0
6185	G79	G23	0
6186	G79	G24	0
6187	G79	G25	0
6188	G79	G26	0
6189	G79	G27	0
6190	G79	G28	0
6191	G79	G29	0
6192	G79	G30	0
6193	G79	G31	0
6194	G79	G32	0
6195	G79	G33	0
6196	G79	G34	0
6197	G79	G35	0
6198	G79	G36	0
6199	G79	G37	0
6200	G79	G38	0
6201	G79	G39	0
6202	G79	G40	0
6203	G79	G41	0
6204	G79	G42	0
6205	G79	G43	0
6206	G79	G44	0
6207	G79	G45	0
6208	G79	G46	0
6209	G79	G47	0
6210	G79	G48	0
6211	G79	G49	0
6212	G79	G50	0
6213	G79	G51	0
6214	G79	G52	0
6215	G79	G53	0
6216	G79	G54	0
6217	G79	G55	0
6218	G79	G56	0
6219	G79	G57	0
6220	G79	G58	0
6221	G79	G59	0
6222	G79	G60	0
6223	G79	G61	0
6224	G79	G62	0
6225	G79	G63	0
6226	G79	G64	0
6227	G79	G65	0
6228	G79	G66	0
6229	G79	G67	0
6230	G79	G68	0
6231	G79	G69	0
6232	G79	G70	0
6233	G79	G71	0
6234	G79	G72	0
6235	G79	G73	0
6236	G79	G74	0
6237	G79	G75	0
6238	G79	G76	0
6239	G79	G77	0
6240	G79	G78	0
6241	G79	G80	0
6242	G80	G1	0
6243	G80	G2	0
6244	G80	G3	0
6245	G80	G4	0
6246	G80	G5	0
6247	G80	G6	0
6248	G80	G7	0
6249	G80	G8	0
6250	G80	G9	0
6251	G80	G10	0
6252	G80	G11	0
6253	G80	G12	0
6254	G80	G13	0
6255	G80	G14	0
6256	G80	G15	0
6257	G80	G16	0
6258	G80	G17	0
6259	G80	G18	0
6260	G80	G19	0
6261	G80	G20	0
6262	G80	G21	0
6263	G80	G22	0
6264	G80	G23	0
6265	G80	G24	0
6266	G80	G25	0
6267	G80	G26	0
6268	G80	G27	0
6269	G80	G28	0
6270	G80	G29	0
6271	G80	G30	0
6272	G80	G31	0
6273	G80	G32	0
6274	G80	G33	0
6275	G80	G34	0
6276	G80	G35	0
6277	G80	G36	0
6278	G80	G37	0
6279	G80	G38	0
6280	G80	G39	0
6281	G80	G40	0
6282	G80	G41	0
6283	G80	G42	0
6284	G80	G43	0
6285	G80	G44	0
6286	G80	G45	0
6287	G80	G46	0
6288	G80	G47	0
6289	G80	G48	0
6290	G80	G49	0
6291	G80	G50	0
6292	G80	G51	0
6293	G80	G52	0
6294	G80	G53	0
6295	G80	G54	0
6296	G80	G55	0
6297	G80	G56	0
6298	G80	G57	0
6299	G80	G58	0
6300	G80	G59	0
6301	G80	G60	0
6302	G80	G61	0
6303	G80	G62	0
6304	G80	G63	0
6305	G80	G64	0
6306	G80	G65	0
6307	G80	G66	0
6308	G80	G67	0
6309	G80	G68	0
6310	G80	G69	0
6311	G80	G70	0
6312	G80	G71	0
6313	G80	G72	0
6314	G80	G73	0
6315	G80	G74	0
6316	G80	G75	0
6317	G80	G76	0
6318	G80	G77	0
6319	G80	G78	0
6320	G80	G79	0
